date,split,member_count,price_count,valid_sigma_count,valid_lambda_20d_count,valid_lambda_60d_count
2010-01-04,train,50,44,0,0,0
2010-01-05,train,50,44,0,0,0
2010-01-06,train,50,44,0,0,0
2010-01-07,train,50,44,0,0,0
2010-01-08,train,50,44,0,0,0
2010-01-11,train,50,44,0,0,0
2010-01-12,train,50,44,0,0,0
2010-01-13,train,50,44,0,0,0
2010-01-14,train,50,44,0,0,0
2010-01-15,train,50,44,0,0,0
2010-01-18,train,50,44,0,0,0
2010-01-19,train,50,44,0,0,0
2010-01-20,train,50,44,0,0,0
2010-01-21,train,50,44,0,0,0
2010-01-22,train,50,44,0,0,0
2010-01-25,train,50,44,0,0,0
2010-01-27,train,50,44,0,0,0
2010-01-28,train,50,44,0,0,0
2010-01-29,train,50,44,0,0,0
2010-02-01,train,50,44,0,0,0
2010-02-02,train,50,44,0,0,0
2010-02-03,train,50,44,0,0,0
2010-02-04,train,50,44,0,0,0
2010-02-05,train,50,44,0,0,0
2010-02-08,train,50,44,0,0,0
2010-02-09,train,50,44,0,0,0
2010-02-10,train,50,44,0,0,0
2010-02-11,train,50,44,0,0,0
2010-02-15,train,50,44,0,0,0
2010-02-16,train,50,44,0,0,0
2010-02-17,train,50,44,0,0,0
2010-02-18,train,50,44,0,0,0
2010-02-19,train,50,44,0,0,0
2010-02-22,train,50,44,0,0,0
2010-02-23,train,50,44,0,0,0
2010-02-24,train,50,44,0,0,0
2010-02-25,train,50,44,0,0,0
2010-02-26,train,50,44,0,0,0
2010-03-02,train,50,44,0,0,0
2010-03-03,train,50,44,0,0,0
2010-03-04,train,50,44,0,0,0
2010-03-05,train,50,44,0,0,0
2010-03-08,train,50,44,0,0,0
2010-03-09,train,50,44,0,0,0
2010-03-10,train,50,44,0,0,0
2010-03-11,train,50,44,0,0,0
2010-03-12,train,50,44,0,0,0
2010-03-15,train,50,44,0,0,0
2010-03-16,train,50,44,0,0,0
2010-03-17,train,50,44,0,0,0
2010-03-18,train,50,44,0,0,0
2010-03-19,train,50,44,0,0,0
2010-03-22,train,50,44,0,0,0
2010-03-23,train,50,44,0,0,0
2010-03-25,train,50,44,0,0,0
2010-03-26,train,50,44,0,0,0
2010-03-29,train,50,44,0,0,0
2010-03-30,train,50,44,0,0,0
2010-03-31,train,50,44,0,0,0
2010-04-01,train,50,44,0,0,0
2010-04-05,train,50,44,43,43,43
2010-04-06,train,50,44,43,43,43
2010-04-07,train,50,44,43,43,43
2010-04-08,train,50,44,43,43,43
2010-04-09,train,50,44,43,43,43
2010-04-12,train,50,44,43,43,43
2010-04-13,train,50,44,43,43,43
2010-04-15,train,50,44,43,43,43
2010-04-16,train,50,44,43,43,43
2010-04-19,train,50,44,43,43,43
2010-04-20,train,50,44,43,43,43
2010-04-21,train,50,44,43,43,43
2010-04-22,train,50,44,43,43,43
2010-04-23,train,50,44,43,43,43
2010-04-26,train,50,44,43,43,43
2010-04-27,train,50,44,43,43,43
2010-04-28,train,50,44,43,43,43
2010-04-29,train,50,44,43,43,43
2010-04-30,train,50,44,43,43,43
2010-05-03,train,50,44,43,43,43
2010-05-04,train,50,44,43,43,43
2010-05-05,train,50,44,43,43,43
2010-05-06,train,50,44,43,43,43
2010-05-07,train,50,44,43,43,43
2010-05-10,train,50,44,43,43,43
2010-05-11,train,50,44,43,43,43
2010-05-12,train,50,44,43,43,43
2010-05-13,train,50,44,43,43,43
2010-05-14,train,50,44,43,43,43
2010-05-17,train,50,44,43,43,43
2010-05-18,train,50,44,43,43,43
2010-05-19,train,50,44,43,43,43
2010-05-20,train,50,44,43,43,43
2010-05-21,train,50,44,43,43,43
2010-05-24,train,50,44,43,43,43
2010-05-25,train,50,44,43,43,43
2010-05-26,train,50,44,43,43,43
2010-05-27,train,50,44,43,43,43
2010-05-28,train,50,44,43,43,43
2010-05-31,train,50,44,43,43,43
2010-06-01,train,50,44,43,43,43
2010-06-02,train,50,44,43,43,43
2010-06-03,train,50,44,43,43,43
2010-06-04,train,50,44,43,43,43
2010-06-07,train,50,44,43,43,43
2010-06-08,train,50,44,43,43,43
2010-06-09,train,50,44,43,43,43
2010-06-10,train,50,44,43,43,43
2010-06-11,train,50,44,43,43,43
2010-06-14,train,50,44,43,43,43
2010-06-15,train,50,44,43,43,43
2010-06-16,train,50,44,43,43,43
2010-06-17,train,50,44,43,43,43
2010-06-18,train,50,44,43,43,43
2010-06-21,train,50,44,43,43,43
2010-06-22,train,50,44,43,43,43
2010-06-23,train,50,44,43,43,43
2010-06-24,train,50,44,43,43,43
2010-06-25,train,50,44,43,43,43
2010-06-28,train,50,44,44,44,44
2010-06-29,train,50,44,44,44,44
2010-06-30,train,50,44,44,44,44
2010-07-01,train,50,44,44,44,44
2010-07-02,train,50,44,44,44,44
2010-07-05,train,50,44,44,44,44
2010-07-06,train,50,44,44,44,44
2010-07-07,train,50,44,44,44,44
2010-07-08,train,50,44,44,44,41
2010-07-09,train,50,44,44,44,41
2010-07-12,train,50,44,44,44,41
2010-07-13,train,50,44,44,44,41
2010-07-14,train,50,44,44,44,41
2010-07-15,train,50,44,44,44,41
2010-07-16,train,50,44,44,44,41
2010-07-19,train,50,44,44,44,41
2010-07-20,train,50,44,44,44,41
2010-07-21,train,50,44,44,44,41
2010-07-22,train,50,44,44,44,41
2010-07-23,train,50,44,44,44,41
2010-07-26,train,50,44,44,44,41
2010-07-27,train,50,44,44,44,41
2010-07-28,train,50,44,44,44,41
2010-07-29,train,50,44,44,44,41
2010-07-30,train,50,44,44,44,41
2010-08-02,train,50,44,44,44,41
2010-08-03,train,50,44,44,44,41
2010-08-04,train,50,44,44,44,41
2010-08-05,train,50,44,44,44,41
2010-08-06,train,50,44,44,44,41
2010-08-09,train,50,44,44,44,41
2010-08-10,train,50,44,44,44,41
2010-08-11,train,50,44,44,44,41
2010-08-12,train,50,44,44,44,41
2010-08-13,train,50,44,44,44,41
2010-08-16,train,50,44,44,44,41
2010-08-17,train,50,44,44,44,41
2010-08-18,train,50,44,44,44,41
2010-08-19,train,50,44,44,44,41
2010-08-20,train,50,44,44,44,41
2010-08-23,train,50,44,44,44,41
2010-08-24,train,50,44,44,44,41
2010-08-25,train,50,44,44,44,41
2010-08-26,train,50,44,44,44,41
2010-08-27,train,50,44,44,44,41
2010-08-30,train,50,44,44,44,41
2010-08-31,train,50,44,44,44,41
2010-09-01,train,50,44,44,44,41
2010-09-02,train,50,44,41,41,41
2010-09-03,train,50,44,41,41,41
2010-09-06,train,50,44,41,41,41
2010-09-07,train,50,44,41,41,41
2010-09-08,train,50,44,41,41,41
2010-09-09,train,50,44,41,41,41
2010-09-13,train,50,44,41,41,41
2010-09-14,train,50,44,41,41,41
2010-09-15,train,50,44,41,41,41
2010-09-16,train,50,44,41,41,41
2010-09-17,train,50,44,41,41,41
2010-09-20,train,50,44,41,41,41
2010-09-21,train,50,44,41,41,41
2010-09-22,train,50,44,41,41,41
2010-09-23,train,50,44,41,41,41
2010-09-24,train,50,44,41,41,41
2010-09-27,train,50,44,41,41,41
2010-09-28,train,50,44,41,41,41
2010-09-29,train,50,44,41,41,41
2010-09-30,train,50,44,41,41,41
2010-10-01,train,50,43,41,41,41
2010-10-04,train,50,43,41,41,41
2010-10-05,train,50,43,41,41,41
2010-10-06,train,50,43,41,41,40
2010-10-07,train,50,43,41,41,40
2010-10-08,train,50,43,41,41,40
2010-10-11,train,50,43,41,41,40
2010-10-12,train,50,43,41,41,40
2010-10-13,train,50,43,41,41,40
2010-10-14,train,50,43,41,41,40
2010-10-15,train,50,43,41,41,40
2010-10-18,train,50,43,41,41,40
2010-10-19,train,50,43,41,41,40
2010-10-20,train,50,43,41,41,40
2010-10-21,train,50,43,41,41,40
2010-10-22,train,50,43,41,41,40
2010-10-25,train,50,43,41,41,40
2010-10-26,train,50,43,41,41,40
2010-10-27,train,50,43,41,41,40
2010-10-28,train,50,43,41,41,40
2010-10-29,train,50,43,41,41,40
2010-11-01,train,50,43,41,41,40
2010-11-02,train,50,43,41,41,40
2010-11-03,train,50,43,41,41,40
2010-11-04,train,50,43,41,41,40
2010-11-08,train,50,43,41,41,40
2010-11-09,train,50,43,41,41,40
2010-11-10,train,50,43,41,41,40
2010-11-11,train,50,43,41,41,40
2010-11-12,train,50,43,41,41,40
2010-11-15,train,50,43,41,41,40
2010-11-16,train,50,43,41,41,40
2010-11-18,train,50,43,41,41,40
2010-11-19,train,50,43,41,41,40
2010-11-22,train,50,43,41,41,40
2010-11-23,train,50,43,41,41,40
2010-11-24,train,50,43,41,41,40
2010-11-25,train,50,43,41,41,40
2010-11-26,train,50,43,41,41,40
2010-11-29,train,50,43,41,41,40
2010-11-30,train,50,43,41,41,40
2010-12-01,train,50,43,41,41,40
2010-12-02,train,50,43,41,41,40
2010-12-03,train,50,43,40,40,39
2010-12-06,train,50,43,40,40,39
2010-12-07,train,50,43,40,40,39
2010-12-08,train,50,43,40,40,39
2010-12-09,train,50,43,40,40,39
2010-12-10,train,50,43,40,40,39
2010-12-13,train,50,43,40,40,39
2010-12-14,train,50,43,40,40,39
2010-12-15,train,50,43,40,40,39
2010-12-16,train,50,43,40,40,39
2010-12-20,train,50,43,40,40,39
2010-12-21,train,50,43,40,40,39
2010-12-22,train,50,43,40,40,39
2010-12-23,train,50,43,40,40,39
2010-12-24,train,50,43,40,40,39
2010-12-27,train,50,43,40,40,39
2010-12-28,train,50,43,40,40,39
2010-12-29,train,50,43,42,42,41
2010-12-30,train,50,43,42,42,41
2010-12-31,train,50,43,42,42,41
2011-01-03,train,50,43,42,42,41
2011-01-04,train,50,43,42,42,41
2011-01-05,train,50,43,42,42,41
2011-01-06,train,50,43,42,42,41
2011-01-07,train,50,43,42,42,41
2011-01-10,train,50,43,42,42,41
2011-01-11,train,50,43,42,42,41
2011-01-12,train,50,43,42,42,41
2011-01-13,train,50,43,42,42,41
2011-01-14,train,50,43,42,42,41
2011-01-17,train,50,43,42,42,41
2011-01-18,train,50,43,42,42,41
2011-01-19,train,50,43,42,42,41
2011-01-20,train,50,43,42,42,41
2011-01-21,train,50,43,42,42,41
2011-01-24,train,50,43,42,42,41
2011-01-25,train,50,43,42,42,41
2011-01-27,train,50,43,42,42,41
2011-01-28,train,50,43,42,42,41
2011-01-31,train,50,43,42,42,41
2011-02-01,train,50,43,41,41,41
2011-02-02,train,50,43,41,41,41
2011-02-03,train,50,43,41,41,41
2011-02-04,train,50,43,41,41,41
2011-02-07,train,50,43,41,41,41
2011-02-08,train,50,43,41,41,41
2011-02-09,train,50,43,41,41,41
2011-02-10,train,50,43,41,41,41
2011-02-11,train,50,43,41,41,41
2011-02-14,train,50,43,41,41,41
2011-02-15,train,50,43,41,41,41
2011-02-16,train,50,43,41,41,41
2011-02-17,train,50,43,41,41,41
2011-02-18,train,50,43,41,41,41
2011-02-21,train,50,43,41,41,41
2011-02-22,train,50,43,41,41,41
2011-02-23,train,50,43,41,41,41
2011-02-24,train,50,43,41,41,41
2011-02-25,train,50,43,41,41,41
2011-02-28,train,50,43,41,41,41
2011-03-01,train,50,43,41,41,41
2011-03-03,train,50,43,41,41,41
2011-03-04,train,50,43,41,41,41
2011-03-07,train,50,43,41,41,41
2011-03-08,train,50,43,41,41,41
2011-03-09,train,50,43,41,41,41
2011-03-10,train,50,43,41,41,41
2011-03-11,train,50,43,41,41,41
2011-03-14,train,50,43,41,41,41
2011-03-15,train,50,43,41,41,41
2011-03-16,train,50,43,41,41,41
2011-03-17,train,50,43,41,41,41
2011-03-18,train,50,43,41,41,41
2011-03-21,train,50,43,41,41,41
2011-03-22,train,50,43,41,41,41
2011-03-23,train,50,43,41,41,41
2011-03-24,train,50,43,41,41,41
2011-03-25,train,50,43,41,41,41
2011-03-28,train,50,43,41,41,41
2011-03-29,train,50,43,41,41,41
2011-03-30,train,50,43,41,41,41
2011-03-31,train,50,43,41,41,41
2011-04-01,train,50,43,41,41,41
2011-04-04,train,50,43,41,41,41
2011-04-05,train,50,43,41,41,41
2011-04-06,train,50,43,41,41,41
2011-04-07,train,50,43,41,41,41
2011-04-08,train,50,43,41,41,41
2011-04-11,train,50,43,41,41,41
2011-04-13,train,50,43,41,41,41
2011-04-15,train,50,43,41,41,41
2011-04-18,train,50,43,41,41,41
2011-04-19,train,50,43,41,41,41
2011-04-20,train,50,43,41,41,41
2011-04-21,train,50,43,41,41,41
2011-04-25,train,50,43,41,41,41
2011-04-26,train,50,43,41,41,41
2011-04-27,train,50,43,41,41,41
2011-04-28,train,50,43,41,41,41
2011-04-29,train,50,43,41,41,41
2011-05-02,train,50,43,42,42,41
2011-05-03,train,50,43,41,41,41
2011-05-04,train,50,43,41,41,41
2011-05-05,train,50,43,41,41,40
2011-05-06,train,50,43,41,41,40
2011-05-09,train,50,43,41,41,40
2011-05-10,train,50,43,41,41,40
2011-05-11,train,50,43,41,41,40
2011-05-12,train,50,43,41,41,40
2011-05-13,train,50,43,41,41,40
2011-05-16,train,50,43,41,41,40
2011-05-17,train,50,43,41,41,40
2011-05-18,train,50,43,41,41,40
2011-05-19,train,50,43,41,41,40
2011-05-20,train,50,43,41,41,40
2011-05-23,train,50,43,41,41,40
2011-05-24,train,50,43,41,41,40
2011-05-25,train,50,43,41,41,40
2011-05-26,train,50,43,41,41,40
2011-05-27,train,50,43,41,41,40
2011-05-30,train,50,43,42,42,41
2011-06-01,train,50,43,42,42,41
2011-06-02,train,50,43,42,42,41
2011-06-03,train,50,43,42,42,41
2011-06-06,train,50,43,42,42,41
2011-06-07,train,50,43,42,42,41
2011-06-08,train,50,43,42,42,41
2011-06-09,train,50,43,42,42,41
2011-06-10,train,50,43,42,42,41
2011-06-13,train,50,43,42,42,41
2011-06-14,train,50,43,42,42,41
2011-06-15,train,50,43,42,42,41
2011-06-16,train,50,43,42,42,41
2011-06-17,train,50,43,42,42,41
2011-06-20,train,50,43,42,42,41
2011-06-21,train,50,43,42,42,41
2011-06-22,train,50,43,42,42,41
2011-06-23,train,50,43,42,42,41
2011-06-24,train,50,43,42,42,41
2011-06-27,train,50,43,42,42,41
2011-06-28,train,50,43,42,42,41
2011-06-29,train,50,43,42,42,41
2011-06-30,train,50,43,42,42,41
2011-07-01,train,50,43,41,41,41
2011-07-04,train,50,43,41,41,41
2011-07-05,train,50,43,41,41,40
2011-07-06,train,50,43,41,41,40
2011-07-07,train,50,43,41,41,40
2011-07-08,train,50,43,41,41,40
2011-07-11,train,50,43,41,41,40
2011-07-12,train,50,43,41,41,40
2011-07-13,train,50,43,41,41,40
2011-07-15,train,50,43,41,41,40
2011-07-18,train,50,43,41,41,40
2011-07-19,train,50,43,41,41,40
2011-07-20,train,50,43,41,41,40
2011-07-21,train,50,43,41,41,40
2011-07-22,train,50,43,41,41,40
2011-07-25,train,50,43,41,41,40
2011-07-26,train,50,43,41,41,40
2011-07-27,train,50,43,41,41,40
2011-07-28,train,50,43,41,41,40
2011-07-29,train,50,43,41,41,40
2011-08-01,train,50,43,41,41,40
2011-08-02,train,50,43,41,41,40
2011-08-03,train,50,43,41,41,40
2011-08-04,train,50,43,41,41,40
2011-08-05,train,50,43,41,41,40
2011-08-08,train,50,43,41,41,40
2011-08-09,train,50,43,41,41,40
2011-08-10,train,50,43,41,41,40
2011-08-11,train,50,43,41,41,40
2011-08-12,train,50,43,41,41,40
2011-08-16,train,50,43,41,41,40
2011-08-17,train,50,43,41,41,40
2011-08-18,train,50,43,41,41,40
2011-08-19,train,50,43,41,41,40
2011-08-22,train,50,43,41,41,40
2011-08-23,train,50,43,41,41,40
2011-08-24,train,50,43,41,41,40
2011-08-25,train,50,43,41,41,40
2011-08-26,train,50,43,42,42,41
2011-08-29,train,50,43,42,42,41
2011-08-30,train,50,43,42,42,41
2011-09-02,train,50,43,42,42,41
2011-09-05,train,50,43,41,41,41
2011-09-06,train,50,43,41,41,41
2011-09-07,train,50,43,41,41,41
2011-09-08,train,50,43,41,41,41
2011-09-09,train,50,43,41,41,41
2011-09-12,train,50,43,41,41,41
2011-09-13,train,50,43,41,41,41
2011-09-14,train,50,43,41,41,41
2011-09-15,train,50,43,41,41,41
2011-09-16,train,50,43,41,41,41
2011-09-19,train,50,43,41,41,41
2011-09-20,train,50,43,41,41,41
2011-09-21,train,50,43,41,41,41
2011-09-22,train,50,43,41,41,41
2011-09-23,train,50,43,41,41,41
2011-09-26,train,50,43,41,41,41
2011-09-27,train,50,43,41,41,41
2011-09-28,train,50,43,41,41,41
2011-09-29,train,50,43,41,41,41
2011-09-30,train,50,43,41,41,41
2011-10-03,train,50,43,41,41,41
2011-10-04,train,50,43,41,41,41
2011-10-05,train,50,43,41,41,41
2011-10-07,train,50,43,41,41,41
2011-10-10,train,50,43,41,41,41
2011-10-11,train,50,43,41,41,41
2011-10-12,train,50,43,41,41,41
2011-10-13,train,50,43,41,41,41
2011-10-14,train,50,43,41,41,41
2011-10-17,train,50,43,41,41,41
2011-10-18,train,50,43,41,41,41
2011-10-19,train,50,43,41,41,41
2011-10-20,train,50,43,41,41,41
2011-10-21,train,50,43,41,41,41
2011-10-24,train,50,43,41,41,41
2011-10-25,train,50,43,41,41,41
2011-10-28,train,50,43,41,41,41
2011-10-31,train,50,43,41,41,41
2011-11-01,train,50,43,42,42,42
2011-11-02,train,50,43,42,42,42
2011-11-03,train,50,43,42,42,42
2011-11-04,train,50,43,42,42,42
2011-11-08,train,50,43,42,42,42
2011-11-09,train,50,43,42,42,42
2011-11-11,train,50,43,42,42,42
2011-11-14,train,50,43,42,42,42
2011-11-15,train,50,43,42,42,42
2011-11-16,train,50,43,42,42,42
2011-11-17,train,50,43,42,42,42
2011-11-18,train,50,43,42,42,42
2011-11-21,train,50,43,42,42,42
2011-11-22,train,50,43,42,42,42
2011-11-23,train,50,43,42,42,42
2011-11-25,train,50,43,42,42,42
2011-11-28,train,50,43,42,42,42
2011-11-29,train,50,43,42,42,42
2011-11-30,train,50,43,42,42,42
2011-12-01,train,50,43,42,42,42
2011-12-02,train,50,43,42,42,42
2011-12-05,train,50,43,42,42,42
2011-12-07,train,50,43,42,42,42
2011-12-08,train,50,43,42,42,42
2011-12-09,train,50,43,42,42,42
2011-12-12,train,50,43,42,42,42
2011-12-13,train,50,43,42,42,42
2011-12-14,train,50,43,42,42,42
2011-12-15,train,50,43,42,42,42
2011-12-16,train,50,43,42,42,42
2011-12-19,train,50,43,42,42,42
2011-12-20,train,50,43,42,42,42
2011-12-21,train,50,43,42,42,42
2011-12-22,train,50,43,42,42,42
2011-12-23,train,50,43,42,42,42
2011-12-27,train,50,43,42,42,42
2011-12-28,train,50,43,42,42,42
2011-12-29,train,50,43,42,42,42
2011-12-30,train,50,43,42,42,42
2012-01-03,train,50,43,42,42,42
2012-01-04,train,50,43,42,42,40
2012-01-05,train,50,43,42,42,40
2012-01-06,train,50,43,43,43,41
2012-01-09,train,50,43,43,43,41
2012-01-10,train,50,43,43,43,41
2012-01-11,train,50,43,43,43,41
2012-01-12,train,50,43,43,43,41
2012-01-13,train,50,43,43,43,41
2012-01-16,train,50,43,43,43,41
2012-01-17,train,50,43,43,43,41
2012-01-18,train,50,43,43,43,41
2012-01-19,train,50,43,43,43,41
2012-01-20,train,50,43,43,43,41
2012-01-23,train,50,43,43,43,41
2012-01-24,train,50,43,43,43,41
2012-01-25,train,50,43,43,43,41
2012-01-27,train,50,43,43,43,41
2012-01-30,train,50,43,43,43,41
2012-01-31,train,50,43,43,43,41
2012-02-01,train,50,43,43,43,41
2012-02-02,train,50,43,43,43,41
2012-02-03,train,50,43,43,43,41
2012-02-06,train,50,43,43,43,41
2012-02-07,train,50,43,43,43,41
2012-02-08,train,50,43,43,43,41
2012-02-09,train,50,43,43,43,41
2012-02-10,train,50,43,43,43,41
2012-02-13,train,50,43,43,43,41
2012-02-14,train,50,43,43,43,41
2012-02-15,train,50,43,43,43,41
2012-02-16,train,50,43,43,43,41
2012-02-17,train,50,43,43,43,41
2012-02-21,train,50,43,43,43,41
2012-02-22,train,50,43,43,43,41
2012-02-23,train,50,43,43,43,41
2012-02-24,train,50,43,43,43,41
2012-02-27,train,50,43,43,43,41
2012-02-28,train,50,43,43,43,41
2012-02-29,train,50,43,43,43,41
2012-03-01,train,50,43,43,43,41
2012-03-02,train,50,43,41,41,41
2012-03-05,train,50,43,41,41,41
2012-03-06,train,50,43,41,41,41
2012-03-07,train,50,43,41,41,41
2012-03-09,train,50,43,41,41,41
2012-03-12,train,50,43,41,41,41
2012-03-13,train,50,43,41,41,41
2012-03-14,train,50,43,41,41,41
2012-03-15,train,50,43,41,41,41
2012-03-16,train,50,43,41,41,41
2012-03-19,train,50,43,41,41,41
2012-03-20,train,50,43,41,41,41
2012-03-21,train,50,43,41,41,41
2012-03-22,train,50,43,41,41,41
2012-03-23,train,50,43,41,41,41
2012-03-26,train,50,43,41,41,41
2012-03-27,train,50,43,41,41,41
2012-03-28,train,50,43,41,41,41
2012-03-29,train,50,43,41,41,41
2012-03-30,train,50,43,41,41,41
2012-04-02,train,50,43,41,41,41
2012-04-03,train,50,43,41,41,41
2012-04-04,train,50,43,41,41,41
2012-04-09,train,50,43,41,41,41
2012-04-10,train,50,43,41,41,41
2012-04-11,train,50,43,41,41,41
2012-04-12,train,50,43,41,41,41
2012-04-13,train,50,43,41,41,41
2012-04-16,train,50,43,41,41,41
2012-04-17,train,50,43,41,41,41
2012-04-18,train,50,43,41,41,41
2012-04-19,train,50,43,41,41,41
2012-04-20,train,50,43,41,41,41
2012-04-23,train,50,43,41,41,41
2012-04-24,train,50,43,41,41,41
2012-04-25,train,50,43,41,41,41
2012-04-26,train,50,43,41,41,41
2012-04-27,train,50,43,41,41,41
2012-04-30,train,50,43,41,41,41
2012-05-02,train,50,43,41,41,41
2012-05-03,train,50,43,41,41,41
2012-05-04,train,50,43,41,41,41
2012-05-07,train,50,43,41,41,41
2012-05-08,train,50,43,41,41,41
2012-05-09,train,50,43,41,41,41
2012-05-10,train,50,43,41,41,41
2012-05-11,train,50,43,41,41,41
2012-05-14,train,50,43,41,41,41
2012-05-15,train,50,43,41,41,41
2012-05-16,train,50,43,41,41,41
2012-05-17,train,50,43,41,41,41
2012-05-18,train,50,43,41,41,41
2012-05-22,train,50,43,41,41,41
2012-05-23,train,50,43,41,41,41
2012-05-24,train,50,43,41,41,41
2012-05-25,train,50,43,41,41,41
2012-05-28,train,50,43,41,41,41
2012-05-29,train,50,43,41,41,41
2012-05-30,train,50,43,41,41,41
2012-05-31,train,50,43,41,41,41
2012-06-01,train,50,43,41,41,41
2012-06-04,train,50,43,41,41,41
2012-06-05,train,50,43,41,41,41
2012-06-06,train,50,43,41,41,40
2012-06-07,train,50,43,41,41,40
2012-06-08,train,50,43,41,41,40
2012-06-11,train,50,43,41,41,40
2012-06-12,train,50,43,41,41,40
2012-06-13,train,50,43,41,41,40
2012-06-14,train,50,43,41,41,40
2012-06-15,train,50,43,41,41,40
2012-06-18,train,50,43,41,41,40
2012-06-19,train,50,43,41,41,40
2012-06-20,train,50,43,41,41,40
2012-06-21,train,50,43,41,41,40
2012-06-22,train,50,43,41,41,40
2012-06-25,train,50,43,41,41,40
2012-06-26,train,50,43,41,41,40
2012-06-27,train,50,43,41,41,40
2012-06-28,train,50,43,41,41,40
2012-06-29,train,50,43,43,43,42
2012-07-02,train,50,43,43,43,42
2012-07-03,train,50,43,43,43,42
2012-07-04,train,50,43,43,43,42
2012-07-05,train,50,43,43,43,42
2012-07-06,train,50,43,43,43,42
2012-07-09,train,50,43,43,43,42
2012-07-10,train,50,43,43,43,42
2012-07-11,train,50,43,43,43,42
2012-07-12,train,50,43,43,43,42
2012-07-13,train,50,43,43,43,42
2012-07-16,train,50,43,43,43,42
2012-07-17,train,50,43,43,43,42
2012-07-18,train,50,43,43,43,42
2012-07-19,train,50,43,43,43,42
2012-07-20,train,50,43,43,43,42
2012-07-23,train,50,43,43,43,42
2012-07-24,train,50,43,43,43,42
2012-07-25,train,50,43,43,43,42
2012-07-26,train,50,43,43,43,42
2012-07-27,train,50,43,43,43,42
2012-07-30,train,50,43,43,43,42
2012-07-31,train,50,43,43,43,42
2012-08-01,train,50,43,42,42,42
2012-08-02,train,50,43,42,42,42
2012-08-03,train,50,43,42,42,42
2012-08-06,train,50,43,42,42,42
2012-08-07,train,50,43,42,42,42
2012-08-08,train,50,43,42,42,42
2012-08-09,train,50,43,42,42,42
2012-08-10,train,50,43,42,42,42
2012-08-13,train,50,43,42,42,42
2012-08-14,train,50,43,42,42,42
2012-08-16,train,50,43,42,42,42
2012-08-17,train,50,43,42,42,42
2012-08-21,train,50,43,42,42,42
2012-08-22,train,50,43,42,42,42
2012-08-23,train,50,43,42,42,42
2012-08-24,train,50,43,42,42,42
2012-08-27,train,50,43,42,42,42
2012-08-29,train,50,43,42,42,42
2012-08-30,train,50,43,42,42,42
2012-08-31,train,50,43,42,42,42
2012-09-03,train,50,44,42,42,42
2012-09-04,train,50,44,42,42,42
2012-09-05,train,50,44,42,42,42
2012-09-06,train,50,44,42,42,42
2012-09-07,train,50,44,42,42,42
2012-09-10,train,50,44,42,42,42
2012-09-11,train,50,44,42,42,42
2012-09-12,train,50,44,42,42,42
2012-09-13,train,50,44,42,42,42
2012-09-14,train,50,44,42,42,42
2012-09-17,train,50,44,42,42,42
2012-09-18,train,50,44,42,42,42
2012-09-20,train,50,44,42,42,42
2012-09-21,train,50,44,42,42,42
2012-09-24,train,50,44,42,42,42
2012-09-25,train,50,44,42,42,42
2012-09-26,train,50,44,42,42,42
2012-09-27,train,50,44,42,42,42
2012-09-28,train,50,44,42,42,42
2012-10-01,train,50,44,42,42,42
2012-10-03,train,50,44,42,42,42
2012-10-04,train,50,44,42,42,42
2012-10-05,train,50,44,42,42,42
2012-10-08,train,50,44,42,42,42
2012-10-09,train,50,44,42,42,42
2012-10-10,train,50,44,42,42,42
2012-10-11,train,50,44,42,42,42
2012-10-12,train,50,44,42,42,42
2012-10-15,train,50,44,42,42,42
2012-10-16,train,50,44,42,42,42
2012-10-17,train,50,44,42,42,42
2012-10-18,train,50,44,42,42,42
2012-10-19,train,50,44,42,42,42
2012-10-22,train,50,44,42,42,42
2012-10-23,train,50,44,42,42,42
2012-10-25,train,50,44,42,42,42
2012-10-29,train,50,44,42,42,42
2012-10-30,train,50,44,42,42,42
2012-10-31,train,50,44,42,42,42
2012-11-01,train,50,44,42,42,42
2012-11-02,train,50,44,42,42,42
2012-11-05,train,50,44,42,42,42
2012-11-06,train,50,44,42,42,42
2012-11-07,train,50,44,42,42,42
2012-11-08,train,50,44,42,42,42
2012-11-09,train,50,44,42,42,42
2012-11-12,train,50,44,42,42,42
2012-11-15,train,50,44,42,42,42
2012-11-16,train,50,44,42,42,42
2012-11-19,train,50,44,42,42,42
2012-11-20,train,50,44,42,42,42
2012-11-21,train,50,44,42,42,42
2012-11-22,train,50,44,42,42,42
2012-11-23,train,50,44,42,42,42
2012-11-26,train,50,44,42,42,42
2012-11-27,train,50,44,42,42,42
2012-11-29,train,50,44,42,42,42
2012-11-30,train,50,44,42,42,42
2012-12-03,train,50,44,42,42,42
2012-12-04,train,50,44,42,42,42
2012-12-05,train,50,44,44,44,44
2012-12-06,train,50,44,44,44,44
2012-12-07,train,50,44,44,44,44
2012-12-10,train,50,44,44,44,44
2012-12-11,train,50,44,44,44,44
2012-12-12,train,50,44,44,44,44
2012-12-13,train,50,44,44,44,44
2012-12-14,train,50,44,44,44,44
2012-12-17,train,50,44,44,44,44
2012-12-18,train,50,44,44,44,44
2012-12-19,train,50,44,44,44,44
2012-12-20,train,50,44,44,44,44
2012-12-21,train,50,44,44,44,44
2012-12-24,train,50,44,44,44,44
2012-12-26,train,50,44,44,44,44
2012-12-27,train,50,44,44,44,44
2012-12-28,train,50,44,44,44,44
2012-12-31,train,50,44,44,44,44
2013-01-02,train,50,44,44,44,44
2013-01-03,train,50,44,44,44,42
2013-01-04,train,50,44,44,44,42
2013-01-07,train,50,44,44,44,42
2013-01-08,train,50,44,44,44,42
2013-01-09,train,50,44,44,44,42
2013-01-10,train,50,44,44,44,42
2013-01-11,train,50,44,44,44,42
2013-01-14,train,50,44,44,44,42
2013-01-15,train,50,44,44,44,42
2013-01-16,train,50,44,44,44,42
2013-01-17,train,50,44,44,44,42
2013-01-18,train,50,44,44,44,42
2013-01-21,train,50,44,44,44,42
2013-01-22,train,50,44,44,44,42
2013-01-23,train,50,44,44,44,42
2013-01-24,train,50,44,44,44,42
2013-01-25,train,50,44,44,44,42
2013-01-28,train,50,44,44,44,42
2013-01-29,train,50,44,44,44,42
2013-01-30,train,50,44,44,44,42
2013-01-31,train,50,44,44,44,42
2013-02-01,train,50,44,44,44,42
2013-02-04,train,50,44,44,44,42
2013-02-05,train,50,44,44,44,42
2013-02-06,train,50,44,44,44,42
2013-02-07,train,50,44,44,44,42
2013-02-08,train,50,44,44,44,42
2013-02-11,train,50,44,44,44,42
2013-02-12,train,50,44,44,44,42
2013-02-13,train,50,44,44,44,42
2013-02-14,train,50,44,44,44,42
2013-02-15,train,50,44,44,44,42
2013-02-18,train,50,44,44,44,42
2013-02-19,train,50,44,44,44,42
2013-02-20,train,50,44,44,44,42
2013-02-21,train,50,44,44,44,42
2013-02-22,train,50,44,44,44,42
2013-02-25,train,50,44,44,44,42
2013-02-26,train,50,44,44,44,42
2013-02-27,train,50,44,44,44,42
2013-02-28,train,50,44,42,42,42
2013-03-01,train,50,45,42,42,42
2013-03-04,train,50,45,42,42,42
2013-03-05,train,50,45,42,42,42
2013-03-06,train,50,45,42,42,42
2013-03-07,train,50,45,42,42,42
2013-03-08,train,50,45,42,42,42
2013-03-11,train,50,45,42,42,42
2013-03-12,train,50,45,42,42,42
2013-03-13,train,50,45,42,42,42
2013-03-14,train,50,45,42,42,42
2013-03-15,train,50,45,42,42,42
2013-03-18,train,50,45,42,42,42
2013-03-19,train,50,45,42,42,42
2013-03-20,train,50,45,42,42,42
2013-03-21,train,50,45,42,42,42
2013-03-22,train,50,45,42,42,42
2013-03-25,train,50,45,42,42,42
2013-03-26,train,50,45,42,42,42
2013-03-28,train,50,45,42,42,42
2013-04-01,train,50,44,42,42,42
2013-04-02,train,50,44,42,42,42
2013-04-03,train,50,44,42,42,42
2013-04-04,train,50,44,42,42,42
2013-04-05,train,50,44,42,42,42
2013-04-08,train,50,44,42,42,42
2013-04-09,train,50,44,42,42,42
2013-04-10,train,50,44,42,42,42
2013-04-11,train,50,44,42,42,42
2013-04-12,train,50,44,42,42,42
2013-04-15,train,50,44,42,42,42
2013-04-16,train,50,44,42,42,42
2013-04-17,train,50,44,42,42,42
2013-04-18,train,50,44,42,42,42
2013-04-22,train,50,44,42,42,42
2013-04-23,train,50,44,42,42,42
2013-04-25,train,50,44,42,42,42
2013-04-26,train,50,44,42,42,42
2013-04-29,train,50,44,42,42,42
2013-04-30,train,50,44,42,42,42
2013-05-02,train,50,44,42,42,42
2013-05-03,train,50,44,42,42,42
2013-05-06,train,50,44,42,42,42
2013-05-07,train,50,44,42,42,42
2013-05-08,train,50,44,42,42,42
2013-05-09,train,50,44,42,42,42
2013-05-10,train,50,44,42,42,42
2013-05-13,train,50,44,42,42,42
2013-05-14,train,50,44,42,42,42
2013-05-15,train,50,44,42,42,42
2013-05-16,train,50,44,42,42,42
2013-05-17,train,50,44,42,42,42
2013-05-20,train,50,44,42,42,42
2013-05-21,train,50,44,42,42,42
2013-05-22,train,50,44,42,42,42
2013-05-23,train,50,44,42,42,42
2013-05-24,train,50,44,42,42,42
2013-05-27,train,50,44,42,42,42
2013-05-28,train,50,44,42,42,42
2013-05-29,train,50,44,42,42,42
2013-05-30,train,50,44,42,42,42
2013-05-31,train,50,44,42,42,42
2013-06-03,train,50,44,42,42,42
2013-06-04,train,50,44,42,42,42
2013-06-05,train,50,44,42,42,42
2013-06-06,train,50,44,42,42,41
2013-06-07,train,50,44,42,42,41
2013-06-10,train,50,44,42,42,41
2013-06-11,train,50,44,42,42,41
2013-06-12,train,50,44,42,42,41
2013-06-13,train,50,44,42,42,41
2013-06-14,train,50,44,42,42,41
2013-06-17,train,50,44,42,42,41
2013-06-18,train,50,44,42,42,41
2013-06-19,train,50,44,42,42,41
2013-06-20,train,50,44,42,42,41
2013-06-21,train,50,44,42,42,41
2013-06-24,train,50,44,42,42,41
2013-06-25,train,50,44,42,42,41
2013-06-26,train,50,44,42,42,41
2013-06-27,train,50,44,44,44,43
2013-06-28,train,50,44,44,44,43
2013-07-01,train,50,44,44,44,43
2013-07-02,train,50,44,44,44,43
2013-07-03,train,50,44,44,44,43
2013-07-04,train,50,44,44,44,43
2013-07-05,train,50,44,44,44,43
2013-07-08,train,50,44,44,44,43
2013-07-09,train,50,44,44,44,43
2013-07-10,train,50,44,44,44,43
2013-07-11,train,50,44,44,44,43
2013-07-12,train,50,44,44,44,43
2013-07-15,train,50,44,44,44,43
2013-07-16,train,50,44,44,44,43
2013-07-17,train,50,44,44,44,43
2013-07-18,train,50,44,44,44,43
2013-07-19,train,50,44,44,44,43
2013-07-22,train,50,44,44,44,43
2013-07-23,train,50,44,44,44,43
2013-07-24,train,50,44,44,44,43
2013-07-25,train,50,44,44,44,43
2013-07-26,train,50,44,44,44,43
2013-07-29,train,50,44,44,44,43
2013-07-30,train,50,44,44,44,43
2013-07-31,train,50,44,44,44,43
2013-08-01,train,50,44,43,43,43
2013-08-02,train,50,44,43,43,43
2013-08-05,train,50,44,43,43,43
2013-08-06,train,50,44,43,43,43
2013-08-07,train,50,44,43,43,43
2013-08-08,train,50,44,43,43,43
2013-08-12,train,50,44,43,43,43
2013-08-13,train,50,44,43,43,43
2013-08-14,train,50,44,43,43,43
2013-08-16,train,50,44,43,43,43
2013-08-19,train,50,44,43,43,43
2013-08-20,train,50,44,43,43,43
2013-08-21,train,50,44,43,43,43
2013-08-22,train,50,44,43,43,43
2013-08-23,train,50,44,43,43,43
2013-08-26,train,50,44,43,43,43
2013-08-27,train,50,44,43,43,43
2013-08-28,train,50,44,43,43,43
2013-08-29,train,50,44,43,43,43
2013-08-30,train,50,44,43,43,43
2013-09-02,train,50,44,43,43,43
2013-09-03,train,50,44,43,43,43
2013-09-04,train,50,44,43,43,43
2013-09-05,train,50,44,43,43,43
2013-09-06,train,50,44,43,43,43
2013-09-10,train,50,44,43,43,43
2013-09-11,train,50,44,43,43,43
2013-09-12,train,50,44,43,43,43
2013-09-13,train,50,44,43,43,43
2013-09-16,train,50,44,43,43,43
2013-09-17,train,50,44,43,43,43
2013-09-18,train,50,44,43,43,43
2013-09-19,train,50,44,43,43,43
2013-09-20,train,50,44,43,43,43
2013-09-23,train,50,44,43,43,43
2013-09-24,train,50,44,43,43,43
2013-09-25,train,50,44,43,43,43
2013-09-26,train,50,44,43,43,43
2013-09-27,train,50,44,43,43,43
2013-09-30,train,50,44,43,43,43
2013-10-01,train,50,45,43,43,43
2013-10-03,train,50,45,43,43,43
2013-10-04,train,50,45,43,43,43
2013-10-07,train,50,45,43,43,43
2013-10-08,train,50,45,43,43,43
2013-10-09,train,50,45,43,43,43
2013-10-10,train,50,45,43,43,43
2013-10-11,train,50,45,43,43,43
2013-10-14,train,50,45,43,43,43
2013-10-15,train,50,45,43,43,43
2013-10-17,train,50,45,43,43,43
2013-10-18,train,50,45,43,43,43
2013-10-21,train,50,45,43,43,43
2013-10-22,train,50,45,43,43,43
2013-10-23,train,50,45,43,43,43
2013-10-24,train,50,45,43,43,43
2013-10-25,train,50,45,43,43,43
2013-10-28,train,50,45,43,43,43
2013-10-29,train,50,45,43,43,43
2013-10-30,train,50,45,43,43,43
2013-10-31,train,50,45,43,43,43
2013-11-01,train,50,45,43,43,43
2013-11-05,train,50,45,43,43,43
2013-11-06,train,50,45,43,43,43
2013-11-07,train,50,45,43,43,43
2013-11-08,train,50,45,43,43,43
2013-11-11,train,50,45,43,43,43
2013-11-12,train,50,45,43,43,43
2013-11-13,train,50,45,43,43,43
2013-11-14,train,50,45,43,43,43
2013-11-18,train,50,45,43,43,43
2013-11-19,train,50,45,43,43,43
2013-11-20,train,50,45,43,43,43
2013-11-21,train,50,45,43,43,43
2013-11-22,train,50,45,43,43,43
2013-11-25,train,50,45,43,43,43
2013-11-26,train,50,45,43,43,43
2013-11-27,train,50,45,43,43,43
2013-11-28,train,50,45,43,43,43
2013-11-29,train,50,45,43,43,43
2013-12-02,train,50,45,44,44,44
2013-12-03,train,50,45,44,44,43
2013-12-04,train,50,45,44,44,43
2013-12-05,train,50,45,44,44,43
2013-12-06,train,50,45,44,44,43
2013-12-09,train,50,45,44,44,43
2013-12-10,train,50,45,44,44,43
2013-12-11,train,50,45,44,44,43
2013-12-12,train,50,45,44,44,43
2013-12-13,train,50,45,44,44,43
2013-12-16,train,50,45,44,44,43
2013-12-17,train,50,45,44,44,43
2013-12-18,train,50,45,44,44,43
2013-12-19,train,50,45,44,44,43
2013-12-20,train,50,45,44,44,43
2013-12-23,train,50,45,44,44,43
2013-12-24,train,50,45,44,44,43
2013-12-26,train,50,45,44,44,43
2013-12-27,train,50,45,44,44,43
2013-12-30,train,50,45,44,44,43
2013-12-31,train,50,45,45,45,44
2014-01-02,train,50,45,45,45,44
2014-01-03,train,50,45,45,45,44
2014-01-06,train,50,45,45,45,44
2014-01-07,train,50,45,45,45,44
2014-01-08,train,50,45,45,45,44
2014-01-09,train,50,45,45,45,44
2014-01-10,train,50,45,45,45,44
2014-01-13,train,50,45,45,45,44
2014-01-14,train,50,45,45,45,44
2014-01-15,train,50,45,45,45,44
2014-01-16,train,50,45,45,45,44
2014-01-17,train,50,45,45,45,44
2014-01-20,train,50,45,45,45,44
2014-01-21,train,50,45,45,45,44
2014-01-22,train,50,45,45,45,44
2014-01-23,train,50,45,45,45,44
2014-01-24,train,50,45,45,45,44
2014-01-27,train,50,45,45,45,44
2014-01-28,train,50,45,45,45,44
2014-01-29,train,50,45,45,45,44
2014-01-30,train,50,45,44,44,44
2014-01-31,train,50,45,44,44,44
2014-02-03,train,50,45,44,44,44
2014-02-04,train,50,45,44,44,44
2014-02-05,train,50,45,44,44,44
2014-02-06,train,50,45,44,44,44
2014-02-07,train,50,45,44,44,44
2014-02-10,train,50,45,44,44,44
2014-02-11,train,50,45,44,44,44
2014-02-12,train,50,45,44,44,44
2014-02-13,train,50,45,44,44,44
2014-02-14,train,50,45,44,44,44
2014-02-18,train,50,45,44,44,44
2014-02-19,train,50,45,44,44,44
2014-02-20,train,50,45,44,44,44
2014-02-21,train,50,45,44,44,44
2014-02-24,train,50,45,44,44,44
2014-02-25,train,50,45,44,44,44
2014-02-26,train,50,45,44,44,44
2014-02-28,train,50,45,44,44,44
2014-03-03,train,50,46,44,44,44
2014-03-04,train,50,46,44,44,44
2014-03-05,train,50,46,44,44,44
2014-03-06,train,50,46,44,44,44
2014-03-07,train,50,46,44,44,44
2014-03-10,train,50,46,44,44,44
2014-03-11,train,50,46,44,44,44
2014-03-12,train,50,46,44,44,44
2014-03-13,train,50,46,44,44,44
2014-03-14,train,50,46,44,44,44
2014-03-18,train,50,46,44,44,44
2014-03-19,train,50,46,44,44,44
2014-03-20,train,50,46,44,44,44
2014-03-21,train,50,46,44,44,44
2014-03-24,train,50,46,44,44,44
2014-03-25,train,50,46,44,44,44
2014-03-26,train,50,46,44,44,44
2014-03-27,train,50,46,44,44,44
2014-03-28,train,50,46,44,44,44
2014-03-31,train,50,46,44,44,44
2014-04-01,train,50,46,44,44,44
2014-04-02,train,50,46,44,44,44
2014-04-03,train,50,46,44,44,44
2014-04-04,train,50,46,44,44,44
2014-04-07,train,50,46,44,44,44
2014-04-09,train,50,46,44,44,44
2014-04-10,train,50,46,44,44,44
2014-04-11,train,50,46,44,44,44
2014-04-15,train,50,46,44,44,44
2014-04-16,train,50,46,44,44,44
2014-04-17,train,50,46,44,44,44
2014-04-21,train,50,46,44,44,44
2014-04-22,train,50,46,44,44,44
2014-04-23,train,50,46,44,44,44
2014-04-25,train,50,46,44,44,44
2014-04-28,train,50,46,44,44,44
2014-04-29,train,50,46,44,44,44
2014-04-30,train,50,46,44,44,44
2014-05-02,train,50,46,44,44,44
2014-05-05,train,50,46,44,44,44
2014-05-06,train,50,46,44,44,44
2014-05-07,train,50,46,44,44,44
2014-05-08,train,50,46,44,44,44
2014-05-09,train,50,46,44,44,44
2014-05-12,train,50,46,44,44,44
2014-05-13,train,50,46,44,44,44
2014-05-14,train,50,46,44,44,44
2014-05-15,train,50,46,44,44,44
2014-05-16,train,50,46,44,44,44
2014-05-19,train,50,46,44,44,44
2014-05-20,train,50,46,44,44,44
2014-05-21,train,50,46,44,44,44
2014-05-22,train,50,46,44,44,44
2014-05-23,train,50,46,44,44,44
2014-05-26,train,50,46,44,44,44
2014-05-27,train,50,46,44,44,44
2014-05-28,train,50,46,44,44,44
2014-05-29,train,50,46,44,44,44
2014-05-30,train,50,46,44,44,44
2014-06-02,train,50,46,44,44,44
2014-06-03,train,50,46,46,46,46
2014-06-04,train,50,46,46,46,45
2014-06-05,train,50,46,46,46,45
2014-06-06,train,50,46,46,46,45
2014-06-09,train,50,46,46,46,45
2014-06-10,train,50,46,46,46,45
2014-06-11,train,50,46,46,46,45
2014-06-12,train,50,46,46,46,45
2014-06-13,train,50,46,46,46,45
2014-06-16,train,50,46,46,46,45
2014-06-17,train,50,46,46,46,45
2014-06-18,train,50,46,46,46,45
2014-06-19,train,50,46,46,46,45
2014-06-20,train,50,46,46,46,45
2014-06-23,train,50,46,46,46,45
2014-06-24,train,50,46,46,46,45
2014-06-25,train,50,46,46,46,45
2014-06-26,train,50,46,46,46,45
2014-06-27,train,50,46,46,46,45
2014-06-30,train,50,46,46,46,45
2014-07-01,train,50,46,46,46,45
2014-07-02,train,50,46,46,46,45
2014-07-03,train,50,46,46,46,45
2014-07-04,train,50,46,46,46,45
2014-07-07,train,50,46,46,46,45
2014-07-08,train,50,46,46,46,45
2014-07-09,train,50,46,46,46,45
2014-07-10,train,50,46,46,46,45
2014-07-11,train,50,46,46,46,45
2014-07-14,train,50,46,46,46,45
2014-07-15,train,50,46,46,46,45
2014-07-16,train,50,46,46,46,45
2014-07-17,train,50,46,46,46,45
2014-07-18,train,50,46,46,46,45
2014-07-21,train,50,46,46,46,45
2014-07-22,train,50,46,46,46,45
2014-07-23,train,50,46,46,46,45
2014-07-24,train,50,46,46,46,45
2014-07-25,train,50,46,46,46,45
2014-07-28,train,50,46,46,46,45
2014-07-30,train,50,46,46,46,45
2014-07-31,train,50,46,45,45,45
2014-08-01,train,50,46,45,45,45
2014-08-04,train,50,46,45,45,45
2014-08-05,train,50,46,45,45,45
2014-08-06,train,50,46,45,45,45
2014-08-07,train,50,46,45,45,45
2014-08-08,train,50,46,45,45,45
2014-08-11,train,50,46,45,45,45
2014-08-12,train,50,46,45,45,45
2014-08-13,train,50,46,45,45,45
2014-08-14,train,50,46,45,45,45
2014-08-18,train,50,46,45,45,45
2014-08-19,train,50,46,45,45,45
2014-08-20,train,50,46,45,45,45
2014-08-21,train,50,46,45,45,45
2014-08-22,train,50,46,45,45,45
2014-08-25,train,50,46,45,45,45
2014-08-26,train,50,46,45,45,45
2014-08-27,train,50,46,45,45,45
2014-08-28,train,50,46,45,45,45
2014-09-01,train,50,46,45,45,45
2014-09-02,train,50,46,45,45,45
2014-09-03,train,50,46,45,45,45
2014-09-04,train,50,46,45,45,45
2014-09-05,train,50,46,45,45,45
2014-09-08,train,50,46,45,45,45
2014-09-09,train,50,46,45,45,45
2014-09-10,train,50,46,45,45,45
2014-09-11,train,50,46,45,45,45
2014-09-12,train,50,46,45,45,45
2014-09-15,train,50,46,45,45,45
2014-09-16,train,50,46,45,45,45
2014-09-17,train,50,46,45,45,45
2014-09-18,train,50,46,45,45,45
2014-09-19,train,50,46,45,45,45
2014-09-22,train,50,46,45,45,45
2014-09-23,train,50,46,45,45,45
2014-09-24,train,50,46,45,45,45
2014-09-25,train,50,46,45,45,45
2014-09-26,train,50,46,45,45,45
2014-09-29,train,50,46,45,45,45
2014-09-30,train,50,46,45,45,45
2014-10-01,train,50,46,45,45,45
2014-10-07,train,50,46,45,45,45
2014-10-08,train,50,46,45,45,45
2014-10-09,train,50,46,45,45,45
2014-10-10,train,50,46,45,45,45
2014-10-13,train,50,46,45,45,45
2014-10-14,train,50,46,45,45,45
2014-10-16,train,50,46,45,45,45
2014-10-17,train,50,46,45,45,45
2014-10-20,train,50,46,45,45,45
2014-10-21,train,50,46,45,45,45
2014-10-22,train,50,46,45,45,45
2014-10-27,train,50,46,45,45,45
2014-10-28,train,50,46,45,45,45
2014-10-29,train,50,46,45,45,45
2014-10-30,train,50,46,45,45,45
2014-10-31,train,50,46,45,45,45
2014-11-03,train,50,46,45,45,45
2014-11-05,train,50,46,45,45,45
2014-11-07,train,50,46,45,45,45
2014-11-10,train,50,46,45,45,45
2014-11-11,train,50,46,45,45,45
2014-11-12,train,50,46,45,45,45
2014-11-13,train,50,46,45,45,45
2014-11-14,train,50,46,45,45,45
2014-11-17,train,50,46,45,45,45
2014-11-18,train,50,46,45,45,45
2014-11-19,train,50,46,45,45,45
2014-11-20,train,50,46,45,45,45
2014-11-21,train,50,46,45,45,45
2014-11-24,train,50,46,45,45,45
2014-11-25,train,50,46,45,45,45
2014-11-26,train,50,46,45,45,45
2014-11-27,train,50,46,45,45,45
2014-11-28,train,50,46,45,45,45
2014-12-01,train,50,46,45,45,45
2014-12-02,train,50,46,45,45,43
2014-12-03,train,50,46,45,45,43
2014-12-04,train,50,46,46,46,44
2014-12-05,train,50,46,46,46,44
2014-12-08,train,50,46,46,46,44
2014-12-09,train,50,46,46,46,44
2014-12-10,train,50,46,46,46,44
2014-12-11,train,50,46,46,46,44
2014-12-12,train,50,46,46,46,44
2014-12-15,train,50,46,46,46,44
2014-12-16,train,50,46,46,46,44
2014-12-17,train,50,46,46,46,44
2014-12-18,train,50,46,46,46,44
2014-12-19,train,50,46,46,46,44
2014-12-22,train,50,46,46,46,44
2014-12-23,train,50,46,46,46,44
2014-12-24,train,50,46,46,46,44
2014-12-26,train,50,46,46,46,44
2014-12-29,train,50,46,46,46,44
2014-12-30,train,50,46,46,46,44
2014-12-31,train,50,46,46,46,44
2015-01-02,train,50,46,46,46,44
2015-01-05,train,50,46,46,46,44
2015-01-06,train,50,46,46,46,44
2015-01-07,train,50,46,46,46,44
2015-01-08,train,50,46,46,46,44
2015-01-09,train,50,46,46,46,44
2015-01-12,train,50,46,46,46,44
2015-01-13,train,50,46,46,46,44
2015-01-14,train,50,46,46,46,44
2015-01-15,train,50,46,46,46,44
2015-01-16,train,50,46,46,46,44
2015-01-19,train,50,46,46,46,44
2015-01-20,train,50,46,46,46,44
2015-01-21,train,50,46,46,46,44
2015-01-22,train,50,46,46,46,44
2015-01-23,train,50,46,46,46,44
2015-01-27,train,50,46,46,46,44
2015-01-28,train,50,46,46,46,44
2015-01-29,train,50,46,46,46,43
2015-01-30,train,50,46,44,44,43
2015-02-02,train,50,46,44,44,43
2015-02-03,train,50,46,44,44,43
2015-02-04,train,50,46,44,44,43
2015-02-05,train,50,46,44,44,43
2015-02-06,train,50,46,44,44,43
2015-02-09,train,50,46,44,44,43
2015-02-10,train,50,46,44,44,43
2015-02-11,train,50,46,44,44,43
2015-02-12,train,50,46,44,44,43
2015-02-13,train,50,46,44,44,43
2015-02-16,train,50,46,44,44,43
2015-02-18,train,50,46,44,44,43
2015-02-19,train,50,46,44,44,43
2015-02-20,train,50,46,44,44,43
2015-02-23,train,50,46,44,44,43
2015-02-24,train,50,46,44,44,43
2015-02-25,train,50,46,44,44,43
2015-02-26,train,50,46,44,44,43
2015-02-27,train,50,46,44,44,43
2015-03-02,train,50,46,44,44,43
2015-03-03,train,50,46,44,44,43
2015-03-04,train,50,46,44,44,43
2015-03-05,train,50,46,44,44,43
2015-03-09,train,50,46,44,44,43
2015-03-10,train,50,46,44,44,43
2015-03-11,train,50,46,44,44,43
2015-03-12,train,50,46,44,44,43
2015-03-13,train,50,46,44,44,43
2015-03-16,train,50,46,44,44,43
2015-03-17,train,50,46,44,44,43
2015-03-18,train,50,46,44,44,43
2015-03-19,train,50,46,44,44,43
2015-03-20,train,50,46,44,44,43
2015-03-23,train,50,46,44,44,43
2015-03-24,train,50,46,44,44,43
2015-03-25,train,50,46,44,44,43
2015-03-26,train,50,46,44,44,43
2015-03-27,train,50,46,44,44,43
2015-03-30,train,50,46,43,43,43
2015-03-31,train,50,46,43,43,43
2015-04-01,train,50,46,43,43,43
2015-04-06,train,50,46,43,43,43
2015-04-07,train,50,46,43,43,43
2015-04-08,train,50,46,43,43,43
2015-04-09,train,50,46,43,43,43
2015-04-10,train,50,46,43,43,43
2015-04-13,train,50,46,43,43,43
2015-04-16,train,50,46,43,43,43
2015-04-17,train,50,46,43,43,43
2015-04-20,train,50,46,43,43,43
2015-04-21,train,50,46,43,43,43
2015-04-22,train,50,46,43,43,43
2015-04-23,train,50,46,43,43,43
2015-04-24,train,50,46,43,43,43
2015-04-27,train,50,46,43,43,43
2015-04-28,train,50,46,43,43,43
2015-04-29,train,50,46,43,43,43
2015-04-30,train,50,46,43,43,43
2015-05-04,train,50,47,43,43,43
2015-05-05,train,50,47,43,43,43
2015-05-06,train,50,47,43,43,43
2015-05-07,train,50,47,43,43,43
2015-05-08,train,50,47,43,43,43
2015-05-11,train,50,47,43,43,43
2015-05-12,train,50,47,43,43,43
2015-05-13,train,50,47,43,43,43
2015-05-14,train,50,47,43,43,43
2015-05-15,train,50,47,43,43,43
2015-05-18,train,50,47,43,43,43
2015-05-19,train,50,47,43,43,43
2015-05-20,train,50,47,43,43,43
2015-05-21,train,50,47,43,43,43
2015-05-22,train,50,47,43,43,43
2015-05-25,train,50,47,43,43,43
2015-05-26,train,50,47,43,43,43
2015-05-27,train,50,47,43,43,43
2015-05-28,train,50,47,43,43,43
2015-05-29,train,50,47,43,43,43
2015-06-01,train,50,47,43,43,43
2015-06-02,train,50,47,45,45,45
2015-06-03,train,50,47,45,45,45
2015-06-04,train,50,47,45,45,45
2015-06-05,train,50,47,45,45,45
2015-06-08,train,50,47,45,45,45
2015-06-09,train,50,47,45,45,44
2015-06-10,train,50,47,45,45,44
2015-06-11,train,50,47,45,45,44
2015-06-12,train,50,47,45,45,44
2015-06-15,train,50,47,45,45,44
2015-06-16,train,50,47,45,45,44
2015-06-17,train,50,47,45,45,44
2015-06-18,train,50,47,45,45,44
2015-06-19,train,50,47,45,45,44
2015-06-22,train,50,47,45,45,44
2015-06-23,train,50,47,45,45,44
2015-06-24,train,50,47,45,45,44
2015-06-25,train,50,47,45,45,44
2015-06-26,train,50,47,45,45,44
2015-06-29,train,50,47,45,45,44
2015-06-30,train,50,47,45,45,44
2015-07-01,train,50,47,45,45,44
2015-07-02,train,50,47,45,45,44
2015-07-03,train,50,47,45,45,44
2015-07-06,train,50,47,45,45,44
2015-07-07,train,50,47,45,45,44
2015-07-08,train,50,47,45,45,44
2015-07-09,train,50,47,45,45,44
2015-07-10,train,50,47,45,45,44
2015-07-13,train,50,47,45,45,44
2015-07-14,train,50,47,45,45,44
2015-07-15,train,50,47,45,45,44
2015-07-16,train,50,47,45,45,44
2015-07-17,train,50,47,45,45,44
2015-07-20,train,50,47,45,45,44
2015-07-21,train,50,47,45,45,44
2015-07-22,train,50,47,45,45,44
2015-07-23,train,50,47,45,45,44
2015-07-24,train,50,47,45,45,44
2015-07-27,train,50,47,47,47,46
2015-07-28,train,50,47,47,47,46
2015-07-29,train,50,47,47,47,46
2015-07-30,train,50,47,47,47,46
2015-07-31,train,50,47,47,47,46
2015-08-03,train,50,47,47,47,46
2015-08-04,train,50,47,46,46,46
2015-08-05,train,50,47,46,46,46
2015-08-06,train,50,47,46,46,46
2015-08-07,train,50,47,46,46,46
2015-08-10,train,50,47,46,46,46
2015-08-11,train,50,47,46,46,46
2015-08-12,train,50,47,46,46,46
2015-08-13,train,50,47,46,46,46
2015-08-14,train,50,47,46,46,46
2015-08-17,train,50,47,46,46,46
2015-08-18,train,50,47,46,46,46
2015-08-19,train,50,47,46,46,46
2015-08-20,train,50,47,46,46,46
2015-08-21,train,50,47,46,46,46
2015-08-24,train,50,47,46,46,46
2015-08-25,train,50,47,46,46,46
2015-08-26,train,50,47,46,46,46
2015-08-27,train,50,47,46,46,46
2015-08-28,train,50,47,46,46,46
2015-08-31,train,50,47,46,46,46
2015-09-01,train,50,47,46,46,46
2015-09-02,train,50,47,46,46,46
2015-09-03,train,50,47,46,46,46
2015-09-04,train,50,47,46,46,46
2015-09-07,train,50,47,46,46,46
2015-09-08,train,50,47,46,46,46
2015-09-09,train,50,47,46,46,46
2015-09-10,train,50,47,46,46,46
2015-09-11,train,50,47,46,46,46
2015-09-14,train,50,47,46,46,46
2015-09-15,train,50,47,46,46,46
2015-09-16,train,50,47,46,46,46
2015-09-18,train,50,47,46,46,46
2015-09-21,train,50,47,46,46,46
2015-09-22,train,50,47,46,46,46
2015-09-23,train,50,47,46,46,46
2015-09-24,train,50,47,46,46,46
2015-09-28,train,50,47,46,46,46
2015-09-29,train,50,47,46,46,46
2015-09-30,train,50,47,46,46,46
2015-10-01,train,50,47,46,46,46
2015-10-05,train,50,47,46,46,46
2015-10-06,train,50,47,46,46,46
2015-10-07,train,50,47,46,46,46
2015-10-08,train,50,47,46,46,46
2015-10-09,train,50,47,46,46,46
2015-10-12,train,50,47,46,46,46
2015-10-13,train,50,47,46,46,46
2015-10-14,train,50,47,46,46,46
2015-10-15,train,50,47,46,46,46
2015-10-16,train,50,47,46,46,46
2015-10-19,train,50,47,46,46,46
2015-10-20,train,50,47,46,46,46
2015-10-21,train,50,47,46,46,46
2015-10-23,train,50,47,46,46,46
2015-10-26,train,50,47,46,46,46
2015-10-27,train,50,47,46,46,46
2015-10-28,train,50,47,46,46,46
2015-10-29,train,50,47,46,46,46
2015-10-30,train,50,47,46,46,46
2015-11-02,train,50,47,46,46,46
2015-11-03,train,50,47,46,46,46
2015-11-04,train,50,47,46,46,46
2015-11-05,train,50,47,46,46,46
2015-11-06,train,50,47,46,46,46
2015-11-09,train,50,47,46,46,46
2015-11-10,train,50,47,46,46,46
2015-11-13,train,50,47,46,46,46
2015-11-16,train,50,47,46,46,46
2015-11-17,train,50,47,46,46,46
2015-11-18,train,50,47,46,46,46
2015-11-19,train,50,47,46,46,46
2015-11-20,train,50,47,46,46,46
2015-11-23,train,50,47,46,46,46
2015-11-24,train,50,47,46,46,46
2015-11-26,train,50,47,46,46,46
2015-11-27,train,50,47,46,46,46
2015-11-30,train,50,47,46,46,46
2015-12-01,train,50,47,46,46,46
2015-12-02,train,50,47,46,46,46
2015-12-03,train,50,47,47,47,47
2015-12-04,train,50,47,47,47,47
2015-12-07,train,50,47,47,47,47
2015-12-08,train,50,47,47,47,47
2015-12-09,train,50,47,47,47,47
2015-12-10,train,50,47,47,47,47
2015-12-11,train,50,47,47,47,47
2015-12-14,train,50,47,47,47,47
2015-12-15,train,50,47,47,47,47
2015-12-16,train,50,47,47,47,47
2015-12-17,train,50,47,47,47,47
2015-12-18,train,50,47,47,47,47
2015-12-21,train,50,47,47,47,47
2015-12-22,train,50,47,47,47,47
2015-12-23,train,50,47,47,47,47
2015-12-24,train,50,47,47,47,47
2015-12-28,train,50,47,47,47,47
2015-12-29,train,50,47,47,47,47
2015-12-30,train,50,47,47,47,47
2015-12-31,train,50,47,47,47,47
2016-01-04,train,50,47,47,47,45
2016-01-05,train,50,47,47,47,45
2016-01-06,train,50,47,47,47,45
2016-01-07,train,50,47,47,47,45
2016-01-08,train,50,47,47,47,45
2016-01-11,train,50,47,47,47,45
2016-01-12,train,50,47,47,47,45
2016-01-13,train,50,47,47,47,45
2016-01-14,train,50,47,47,47,45
2016-01-15,train,50,47,47,47,45
2016-01-18,train,50,47,47,47,45
2016-01-19,train,50,47,47,47,45
2016-01-20,train,50,47,47,47,45
2016-01-21,train,50,47,47,47,45
2016-01-22,train,50,47,47,47,45
2016-01-25,train,50,47,47,47,45
2016-01-27,train,50,47,47,47,45
2016-01-28,train,50,47,47,47,45
2016-01-29,train,50,47,47,47,45
2016-02-01,train,50,47,47,47,45
2016-02-02,train,50,47,47,47,45
2016-02-03,train,50,47,47,47,45
2016-02-04,train,50,47,47,47,45
2016-02-05,train,50,47,47,47,45
2016-02-08,train,50,47,47,47,45
2016-02-09,train,50,47,47,47,45
2016-02-10,train,50,47,47,47,45
2016-02-11,train,50,47,47,47,45
2016-02-12,train,50,47,47,47,45
2016-02-15,train,50,47,47,47,45
2016-02-16,train,50,47,47,47,45
2016-02-17,train,50,47,47,47,45
2016-02-18,train,50,47,47,47,45
2016-02-19,train,50,47,47,47,45
2016-02-22,train,50,47,47,47,45
2016-02-23,train,50,47,47,47,45
2016-02-24,train,50,47,47,47,45
2016-02-25,train,50,47,47,47,45
2016-02-26,train,50,47,47,47,45
2016-02-29,train,50,47,47,47,45
2016-03-01,train,50,47,45,45,45
2016-03-02,train,50,47,45,45,45
2016-03-03,train,50,47,45,45,45
2016-03-04,train,50,47,45,45,45
2016-03-08,train,50,47,45,45,45
2016-03-09,train,50,47,45,45,45
2016-03-10,train,50,47,45,45,45
2016-03-11,train,50,47,45,45,45
2016-03-14,train,50,47,45,45,45
2016-03-15,train,50,47,45,45,45
2016-03-16,train,50,47,45,45,45
2016-03-17,train,50,47,45,45,45
2016-03-18,train,50,47,45,45,45
2016-03-21,train,50,47,45,45,45
2016-03-22,train,50,47,45,45,45
2016-03-23,train,50,47,45,45,45
2016-03-28,train,50,47,45,45,45
2016-03-29,train,50,47,45,45,45
2016-03-30,train,50,47,45,45,45
2016-03-31,train,50,47,45,45,45
2016-04-01,train,51,48,45,45,45
2016-04-04,train,51,48,45,45,45
2016-04-05,train,51,48,45,45,45
2016-04-06,train,51,48,45,45,45
2016-04-07,train,51,48,45,45,45
2016-04-08,train,51,48,45,45,45
2016-04-11,train,51,48,45,45,45
2016-04-12,train,51,48,45,45,45
2016-04-13,train,51,48,45,45,45
2016-04-18,train,51,48,45,45,45
2016-04-20,train,51,48,45,45,45
2016-04-21,train,51,48,45,45,45
2016-04-22,train,51,48,45,45,45
2016-04-25,train,51,48,45,45,45
2016-04-26,train,51,48,45,45,45
2016-04-27,train,51,48,45,45,45
2016-04-28,train,51,48,45,45,45
2016-04-29,train,51,48,45,45,45
2016-05-02,train,51,48,45,45,45
2016-05-03,train,51,48,45,45,45
2016-05-04,train,51,48,45,45,45
2016-05-05,train,51,48,45,45,45
2016-05-06,train,51,48,45,45,45
2016-05-09,train,51,48,45,45,45
2016-05-10,train,51,48,45,45,45
2016-05-11,train,51,48,45,45,45
2016-05-12,train,51,48,45,45,45
2016-05-13,train,51,48,45,45,45
2016-05-16,train,51,48,45,45,45
2016-05-17,train,51,48,45,45,45
2016-05-18,train,51,48,45,45,45
2016-05-19,train,51,48,45,45,45
2016-05-20,train,51,48,45,45,45
2016-05-23,train,51,48,45,45,45
2016-05-24,train,51,48,45,45,45
2016-05-25,train,51,48,45,45,45
2016-05-26,train,51,48,45,45,45
2016-05-27,train,51,48,45,45,45
2016-05-30,train,51,48,45,45,45
2016-05-31,train,51,48,45,45,45
2016-06-01,train,51,48,45,45,45
2016-06-02,train,51,48,45,45,45
2016-06-03,train,51,48,45,45,45
2016-06-06,train,51,48,45,45,45
2016-06-07,train,51,48,45,45,45
2016-06-08,train,51,48,45,45,45
2016-06-09,train,51,48,45,45,45
2016-06-10,train,51,48,45,45,45
2016-06-13,train,51,48,45,45,45
2016-06-14,train,51,48,45,45,45
2016-06-15,train,51,48,45,45,45
2016-06-16,train,51,48,45,45,45
2016-06-17,train,51,48,45,45,45
2016-06-20,train,51,48,45,45,45
2016-06-21,train,51,48,45,45,45
2016-06-22,train,51,48,45,45,45
2016-06-23,train,51,48,45,45,45
2016-06-24,train,51,48,45,45,45
2016-06-27,train,51,48,45,45,45
2016-06-28,train,51,48,45,45,45
2016-06-29,train,51,48,48,48,48
2016-06-30,train,51,48,48,48,48
2016-07-01,train,51,48,48,48,48
2016-07-04,train,51,48,48,48,48
2016-07-05,train,51,48,48,48,48
2016-07-07,train,51,48,48,48,48
2016-07-08,train,51,48,48,48,48
2016-07-11,train,51,48,48,48,48
2016-07-12,train,51,48,48,48,48
2016-07-13,train,51,48,48,48,48
2016-07-14,train,51,48,48,48,48
2016-07-15,train,51,48,48,48,48
2016-07-18,train,51,48,48,48,48
2016-07-19,train,51,48,48,48,48
2016-07-20,train,51,48,48,48,48
2016-07-21,train,51,48,48,48,48
2016-07-22,train,51,48,48,48,48
2016-07-25,train,51,48,48,48,48
2016-07-26,train,51,48,48,48,48
2016-07-27,train,51,48,48,48,48
2016-07-28,train,51,48,48,48,48
2016-07-29,train,51,48,48,48,48
2016-08-01,train,51,48,48,48,48
2016-08-02,train,51,48,48,48,48
2016-08-03,train,51,48,48,48,48
2016-08-04,train,51,48,48,48,48
2016-08-05,train,51,48,48,48,48
2016-08-08,train,51,48,48,48,48
2016-08-09,train,51,48,48,48,48
2016-08-10,train,51,48,48,48,48
2016-08-11,train,51,48,48,48,48
2016-08-16,train,51,48,48,48,48
2016-08-17,train,51,48,48,48,48
2016-08-18,train,51,48,48,48,48
2016-08-19,train,51,48,48,48,48
2016-08-22,train,51,48,48,48,48
2016-08-23,train,51,48,48,48,48
2016-08-24,train,51,48,48,48,48
2016-08-25,train,51,48,48,48,48
2016-08-26,train,51,48,48,48,48
2016-08-29,train,51,48,48,48,48
2016-08-30,train,51,48,48,48,48
2016-08-31,train,51,48,48,48,48
2016-09-01,train,51,48,48,48,48
2016-09-02,train,51,48,48,48,48
2016-09-06,train,51,48,48,48,48
2016-09-07,train,51,48,48,48,48
2016-09-08,train,51,48,48,48,48
2016-09-09,train,51,48,48,48,48
2016-09-12,train,51,48,48,48,48
2016-09-14,train,51,48,48,48,48
2016-09-15,train,51,48,48,48,48
2016-09-16,train,51,48,48,48,48
2016-09-19,train,51,48,48,48,48
2016-09-20,train,51,48,48,48,48
2016-09-21,train,51,48,48,48,48
2016-09-22,train,51,48,48,48,48
2016-09-23,train,51,48,48,48,48
2016-09-26,train,51,48,48,48,48
2016-09-27,train,51,48,48,48,48
2016-09-28,train,51,48,48,48,48
2016-09-29,train,51,48,48,48,48
2016-09-30,train,51,48,48,48,48
2016-10-03,train,51,48,48,48,48
2016-10-04,train,51,48,48,48,48
2016-10-05,train,51,48,48,48,48
2016-10-06,train,51,48,48,48,48
2016-10-07,train,51,48,48,48,48
2016-10-10,train,51,48,48,48,48
2016-10-13,train,51,48,48,48,48
2016-10-14,train,51,48,48,48,48
2016-10-17,train,51,48,48,48,48
2016-10-18,train,51,48,48,48,48
2016-10-19,train,51,48,48,48,48
2016-10-20,train,51,48,48,48,48
2016-10-21,train,51,48,48,48,48
2016-10-24,train,51,48,48,48,48
2016-10-25,train,51,48,48,48,48
2016-10-26,train,51,48,48,48,48
2016-10-27,train,51,48,48,48,48
2016-10-28,train,51,48,48,48,48
2016-11-01,train,51,48,48,48,48
2016-11-02,train,51,48,48,48,48
2016-11-03,train,51,48,48,48,48
2016-11-04,train,51,48,48,48,48
2016-11-07,train,51,48,48,48,48
2016-11-08,train,51,48,48,48,48
2016-11-09,train,51,48,48,48,48
2016-11-10,train,51,48,48,48,48
2016-11-11,train,51,48,48,48,48
2016-11-15,train,51,48,48,48,48
2016-11-16,train,51,48,48,48,48
2016-11-17,train,51,48,48,48,48
2016-11-18,train,51,48,48,48,48
2016-11-21,train,51,48,48,48,48
2016-11-22,train,51,48,48,48,48
2016-11-23,train,51,48,48,48,48
2016-11-24,train,51,48,48,48,48
2016-11-25,train,51,48,48,48,48
2016-11-28,train,51,48,48,48,48
2016-11-29,train,51,48,48,48,48
2016-11-30,train,51,48,48,48,48
2016-12-01,train,51,48,48,48,48
2016-12-02,train,51,48,48,48,48
2016-12-05,train,51,48,48,48,46
2016-12-06,train,51,48,48,48,46
2016-12-07,train,51,48,48,48,46
2016-12-08,train,51,48,48,48,46
2016-12-09,train,51,48,48,48,46
2016-12-12,train,51,48,48,48,46
2016-12-13,train,51,48,48,48,46
2016-12-14,train,51,48,48,48,46
2016-12-15,train,51,48,48,48,46
2016-12-16,train,51,48,48,48,46
2016-12-19,train,51,48,48,48,46
2016-12-20,train,51,48,48,48,46
2016-12-21,train,51,48,48,48,46
2016-12-22,train,51,48,48,48,46
2016-12-23,train,51,48,48,48,46
2016-12-26,train,51,48,48,48,46
2016-12-27,train,51,48,48,48,46
2016-12-28,train,51,48,48,48,46
2016-12-29,train,51,48,48,48,46
2016-12-30,train,51,48,48,48,46
2017-01-02,train,51,48,48,48,46
2017-01-03,val,51,48,48,48,46
2017-01-04,val,51,48,48,48,46
2017-01-05,val,51,48,48,48,46
2017-01-06,val,51,48,48,48,46
2017-01-09,val,51,48,48,48,46
2017-01-10,val,51,48,48,48,46
2017-01-11,val,51,48,48,48,46
2017-01-12,val,51,48,48,48,46
2017-01-13,val,51,48,48,48,46
2017-01-16,val,51,48,48,48,46
2017-01-17,val,51,48,48,48,46
2017-01-18,val,51,48,48,48,46
2017-01-19,val,51,48,48,48,46
2017-01-20,val,51,48,48,48,46
2017-01-23,val,51,48,48,48,46
2017-01-24,val,51,48,48,48,46
2017-01-25,val,51,48,48,48,46
2017-01-27,val,51,48,48,48,46
2017-01-30,val,51,48,48,48,46
2017-01-31,val,51,48,46,46,45
2017-02-01,val,51,48,46,46,45
2017-02-02,val,51,48,46,46,45
2017-02-03,val,51,48,46,46,45
2017-02-06,val,51,48,46,46,45
2017-02-07,val,51,48,46,46,45
2017-02-08,val,51,48,46,46,45
2017-02-09,val,51,48,46,46,45
2017-02-10,val,51,48,46,46,45
2017-02-13,val,51,48,46,46,45
2017-02-14,val,51,48,46,46,45
2017-02-15,val,51,48,46,46,45
2017-02-16,val,51,48,46,46,45
2017-02-17,val,51,48,46,46,45
2017-02-20,val,51,48,46,46,45
2017-02-21,val,51,48,46,46,45
2017-02-22,val,51,48,46,46,45
2017-02-23,val,51,48,46,46,45
2017-02-27,val,51,48,46,46,45
2017-02-28,val,51,48,46,46,45
2017-03-01,val,51,48,46,46,45
2017-03-02,val,51,48,46,46,45
2017-03-03,val,51,48,46,46,45
2017-03-06,val,51,48,46,46,45
2017-03-07,val,51,48,46,46,45
2017-03-08,val,51,48,46,46,45
2017-03-09,val,51,48,46,46,45
2017-03-10,val,51,48,46,46,45
2017-03-14,val,51,48,46,46,45
2017-03-15,val,51,48,46,46,45
2017-03-16,val,51,48,46,46,45
2017-03-17,val,51,48,46,46,45
2017-03-20,val,51,48,46,46,45
2017-03-21,val,51,48,46,46,45
2017-03-22,val,51,48,46,46,45
2017-03-23,val,51,48,46,46,45
2017-03-24,val,51,48,46,46,45
2017-03-27,val,51,48,46,46,45
2017-03-28,val,51,48,46,46,45
2017-03-29,val,51,48,46,46,45
2017-03-30,val,51,48,45,45,45
2017-03-31,val,51,48,45,45,45
2017-04-03,val,51,48,45,45,45
2017-04-05,val,51,48,45,45,45
2017-04-06,val,51,48,45,45,45
2017-04-07,val,51,48,45,45,45
2017-04-10,val,51,48,45,45,45
2017-04-11,val,51,48,45,45,45
2017-04-12,val,51,48,45,45,45
2017-04-13,val,51,48,45,45,45
2017-04-17,val,51,48,45,45,45
2017-04-18,val,51,48,45,45,45
2017-04-19,val,51,48,45,45,45
2017-04-20,val,51,48,45,45,45
2017-04-21,val,51,48,45,45,45
2017-04-24,val,51,48,45,45,45
2017-04-25,val,51,48,45,45,45
2017-04-26,val,51,48,45,45,45
2017-04-27,val,51,48,45,45,45
2017-04-28,val,51,48,45,45,45
2017-05-02,val,51,48,45,45,45
2017-05-03,val,51,48,45,45,45
2017-05-04,val,51,48,45,45,45
2017-05-05,val,51,48,45,45,45
2017-05-08,val,51,48,45,45,45
2017-05-09,val,51,48,45,45,45
2017-05-10,val,51,48,45,45,45
2017-05-11,val,51,48,45,45,45
2017-05-12,val,51,48,45,45,45
2017-05-15,val,51,48,45,45,45
2017-05-16,val,51,48,45,45,45
2017-05-17,val,51,48,45,45,45
2017-05-18,val,51,48,45,45,45
2017-05-19,val,51,48,45,45,45
2017-05-22,val,51,48,45,45,45
2017-05-23,val,51,48,45,45,45
2017-05-24,val,51,48,45,45,45
2017-05-25,val,51,48,45,45,45
2017-05-26,val,51,48,45,45,45
2017-05-29,val,51,48,45,45,45
2017-05-30,val,51,48,47,47,47
2017-05-31,val,51,48,47,47,47
2017-06-01,val,51,48,47,47,47
2017-06-02,val,51,48,47,47,47
2017-06-05,val,51,48,47,47,47
2017-06-06,val,51,48,47,47,44
2017-06-07,val,51,48,47,47,44
2017-06-08,val,51,48,47,47,44
2017-06-09,val,51,48,47,47,44
2017-06-12,val,51,48,47,47,44
2017-06-13,val,51,48,47,47,44
2017-06-14,val,51,48,47,47,44
2017-06-15,val,51,48,47,47,44
2017-06-16,val,51,48,47,47,44
2017-06-19,val,51,48,47,47,44
2017-06-20,val,51,48,47,47,44
2017-06-21,val,51,48,47,47,44
2017-06-22,val,51,48,47,47,44
2017-06-23,val,51,48,47,47,44
2017-06-27,val,51,48,47,47,44
2017-06-28,val,51,48,47,47,44
2017-06-29,val,51,48,47,47,44
2017-06-30,val,51,48,47,47,44
2017-07-03,val,51,48,47,47,44
2017-07-04,val,51,48,47,47,44
2017-07-05,val,51,48,47,47,44
2017-07-06,val,51,48,47,47,44
2017-07-07,val,51,48,47,47,44
2017-07-10,val,51,48,47,47,44
2017-07-11,val,51,48,47,47,44
2017-07-12,val,51,48,47,47,44
2017-07-13,val,51,48,47,47,44
2017-07-14,val,51,48,47,47,44
2017-07-17,val,51,48,47,47,44
2017-07-18,val,51,48,47,47,44
2017-07-19,val,51,48,47,47,44
2017-07-20,val,51,48,47,47,44
2017-07-21,val,51,48,47,47,44
2017-07-24,val,51,48,47,47,44
2017-07-25,val,51,48,47,47,44
2017-07-26,val,51,48,48,48,45
2017-07-27,val,51,48,48,48,45
2017-07-28,val,51,48,48,48,45
2017-07-31,val,51,48,48,48,45
2017-08-01,val,51,48,48,48,45
2017-08-02,val,51,48,45,45,45
2017-08-03,val,51,48,45,45,45
2017-08-04,val,51,48,45,45,45
2017-08-07,val,51,48,45,45,45
2017-08-08,val,51,48,45,45,45
2017-08-09,val,51,48,45,45,45
2017-08-10,val,51,48,45,45,45
2017-08-11,val,51,48,45,45,45
2017-08-14,val,51,48,45,45,45
2017-08-16,val,51,48,45,45,45
2017-08-17,val,51,48,45,45,45
2017-08-18,val,51,48,45,45,45
2017-08-21,val,51,48,45,45,45
2017-08-22,val,51,48,45,45,45
2017-08-23,val,51,48,45,45,45
2017-08-24,val,51,48,45,45,45
2017-08-28,val,51,48,45,45,45
2017-08-29,val,51,48,45,45,45
2017-08-30,val,51,48,45,45,45
2017-08-31,val,51,48,45,45,45
2017-09-01,val,50,48,45,45,45
2017-09-04,val,50,48,45,45,45
2017-09-05,val,50,48,45,45,45
2017-09-06,val,50,48,45,45,45
2017-09-07,val,50,48,45,45,45
2017-09-08,val,50,48,45,45,45
2017-09-11,val,50,48,45,45,45
2017-09-12,val,50,48,45,45,45
2017-09-13,val,50,48,45,45,45
2017-09-14,val,50,48,45,45,45
2017-09-15,val,50,48,45,45,45
2017-09-18,val,50,48,45,45,45
2017-09-19,val,50,48,45,45,45
2017-09-20,val,50,48,45,45,45
2017-09-21,val,50,48,45,45,45
2017-09-22,val,50,48,45,45,45
2017-09-25,val,50,48,45,45,45
2017-09-26,val,50,48,45,45,45
2017-09-27,val,50,48,45,45,45
2017-09-28,val,50,48,45,45,45
2017-09-29,val,50,48,45,45,45
2017-10-03,val,50,48,45,45,45
2017-10-04,val,50,48,45,45,45
2017-10-05,val,50,48,45,45,45
2017-10-06,val,50,48,45,45,45
2017-10-09,val,50,48,45,45,45
2017-10-10,val,50,48,45,45,45
2017-10-11,val,50,48,45,45,45
2017-10-12,val,50,48,45,45,45
2017-10-13,val,50,48,45,45,45
2017-10-16,val,50,48,45,45,45
2017-10-17,val,50,48,45,45,45
2017-10-18,val,50,48,45,45,45
2017-10-19,val,50,48,45,45,45
2017-10-23,val,50,48,45,45,45
2017-10-24,val,50,48,45,45,45
2017-10-25,val,50,48,45,45,45
2017-10-26,val,50,48,45,45,45
2017-10-27,val,50,48,45,45,45
2017-10-30,val,50,48,45,45,45
2017-10-31,val,50,48,45,45,45
2017-11-01,val,50,48,45,45,45
2017-11-02,val,50,48,45,45,45
2017-11-03,val,50,48,45,45,45
2017-11-06,val,50,48,45,45,45
2017-11-07,val,50,48,45,45,45
2017-11-08,val,50,48,45,45,45
2017-11-09,val,50,48,45,45,45
2017-11-10,val,50,48,45,45,45
2017-11-13,val,50,48,45,45,45
2017-11-14,val,50,48,45,45,45
2017-11-15,val,50,48,45,45,45
2017-11-16,val,50,48,45,45,45
2017-11-17,val,50,48,45,45,45
2017-11-20,val,50,48,45,45,45
2017-11-21,val,50,48,45,45,45
2017-11-22,val,50,48,45,45,45
2017-11-23,val,50,48,45,45,45
2017-11-24,val,50,48,45,45,45
2017-11-27,val,50,48,45,45,45
2017-11-28,val,50,48,48,48,48
2017-11-29,val,50,48,48,48,48
2017-11-30,val,50,48,48,48,48
2017-12-01,val,50,48,48,48,48
2017-12-04,val,50,48,48,48,48
2017-12-05,val,50,48,48,48,48
2017-12-06,val,50,48,48,48,48
2017-12-07,val,50,48,48,48,48
2017-12-08,val,50,48,48,48,48
2017-12-11,val,50,48,48,48,48
2017-12-12,val,50,48,48,48,48
2017-12-13,val,50,48,48,48,48
2017-12-14,val,50,48,48,48,48
2017-12-15,val,50,48,48,48,48
2017-12-18,val,50,48,48,48,48
2017-12-19,val,50,48,48,48,48
2017-12-20,val,50,48,48,48,48
2017-12-21,val,50,48,48,48,48
2017-12-22,val,50,48,48,48,48
2017-12-26,val,50,48,48,48,48
2017-12-27,val,50,48,48,48,48
2017-12-28,val,50,48,48,48,48
2017-12-29,val,50,48,48,48,45
2018-01-02,val,50,48,48,48,45
2018-01-03,val,50,48,48,48,45
2018-01-04,val,50,48,48,48,45
2018-01-05,val,50,48,48,48,45
2018-01-08,val,50,48,48,48,45
2018-01-09,val,50,48,48,48,45
2018-01-10,val,50,48,48,48,45
2018-01-11,val,50,48,48,48,45
2018-01-12,val,50,48,48,48,45
2018-01-15,val,50,48,48,48,45
2018-01-16,val,50,48,48,48,45
2018-01-17,val,50,48,48,48,45
2018-01-18,val,50,48,48,48,45
2018-01-19,val,50,48,48,48,45
2018-01-22,val,50,48,48,48,45
2018-01-23,val,50,48,48,48,45
2018-01-24,val,50,48,48,48,45
2018-01-25,val,50,48,48,48,45
2018-01-29,val,50,48,48,48,45
2018-01-30,val,50,48,48,48,45
2018-01-31,val,50,48,48,48,45
2018-02-01,val,50,48,48,48,45
2018-02-02,val,50,48,48,48,45
2018-02-05,val,50,48,48,48,45
2018-02-06,val,50,48,48,48,45
2018-02-07,val,50,48,48,48,45
2018-02-08,val,50,48,48,48,45
2018-02-09,val,50,48,48,48,45
2018-02-12,val,50,48,48,48,45
2018-02-14,val,50,48,48,48,45
2018-02-15,val,50,48,48,48,45
2018-02-16,val,50,48,48,48,45
2018-02-19,val,50,48,48,48,45
2018-02-20,val,50,48,48,48,45
2018-02-21,val,50,48,48,48,45
2018-02-22,val,50,48,48,48,45
2018-02-23,val,50,48,48,48,45
2018-02-26,val,50,48,48,48,45
2018-02-27,val,50,48,48,48,45
2018-02-28,val,50,48,45,45,45
2018-03-01,val,50,48,45,45,45
2018-03-05,val,50,48,45,45,45
2018-03-06,val,50,48,45,45,45
2018-03-07,val,50,48,45,45,45
2018-03-08,val,50,48,45,45,45
2018-03-09,val,50,48,45,45,45
2018-03-12,val,50,48,45,45,45
2018-03-13,val,50,48,45,45,45
2018-03-14,val,50,48,45,45,45
2018-03-15,val,50,48,45,45,45
2018-03-16,val,50,48,45,45,45
2018-03-19,val,50,48,45,45,45
2018-03-20,val,50,48,45,45,45
2018-03-21,val,50,48,45,45,45
2018-03-22,val,50,48,45,45,45
2018-03-23,val,50,48,45,45,45
2018-03-26,val,50,48,45,45,45
2018-03-27,val,50,48,45,45,45
2018-03-28,val,50,48,45,45,45
2018-04-02,val,50,48,45,45,45
2018-04-03,val,50,48,45,45,45
2018-04-04,val,50,48,45,45,45
2018-04-05,val,50,48,45,45,45
2018-04-06,val,50,48,45,45,45
2018-04-09,val,50,48,45,45,45
2018-04-10,val,50,48,45,45,45
2018-04-11,val,50,48,45,45,45
2018-04-12,val,50,48,45,45,45
2018-04-13,val,50,48,45,45,45
2018-04-16,val,50,48,45,45,45
2018-04-17,val,50,48,45,45,45
2018-04-18,val,50,48,45,45,45
2018-04-19,val,50,48,45,45,45
2018-04-20,val,50,48,45,45,45
2018-04-23,val,50,48,45,45,45
2018-04-24,val,50,48,45,45,45
2018-04-25,val,50,48,45,45,45
2018-04-26,val,50,48,45,45,45
2018-04-27,val,50,48,45,45,45
2018-04-30,val,50,48,45,45,45
2018-05-02,val,50,48,45,45,45
2018-05-03,val,50,48,45,45,45
2018-05-04,val,50,48,45,45,45
2018-05-07,val,50,48,45,45,45
2018-05-08,val,50,48,45,45,45
2018-05-09,val,50,48,45,45,45
2018-05-10,val,50,48,45,45,45
2018-05-11,val,50,48,45,45,45
2018-05-14,val,50,48,45,45,45
2018-05-15,val,50,48,45,45,45
2018-05-16,val,50,48,45,45,45
2018-05-17,val,50,48,45,45,45
2018-05-18,val,50,48,45,45,45
2018-05-21,val,50,48,45,45,45
2018-05-22,val,50,48,45,45,45
2018-05-23,val,50,48,45,45,45
2018-05-24,val,50,48,45,45,45
2018-05-25,val,50,48,45,45,45
2018-05-28,val,50,48,45,45,45
2018-05-29,val,50,48,45,45,45
2018-05-30,val,50,48,45,45,45
2018-05-31,val,50,48,45,45,45
2018-06-01,val,50,48,45,45,45
2018-06-04,val,50,48,45,45,45
2018-06-05,val,50,48,45,45,45
2018-06-06,val,50,48,45,45,45
2018-06-07,val,50,48,45,45,44
2018-06-08,val,50,48,45,45,44
2018-06-11,val,50,48,45,45,44
2018-06-12,val,50,48,45,45,44
2018-06-13,val,50,48,45,45,44
2018-06-14,val,50,48,45,45,44
2018-06-15,val,50,48,45,45,44
2018-06-18,val,50,48,45,45,44
2018-06-19,val,50,48,45,45,44
2018-06-20,val,50,48,45,45,44
2018-06-21,val,50,48,45,45,44
2018-06-22,val,50,48,45,45,44
2018-06-25,val,50,48,45,45,44
2018-06-26,test,50,48,48,48,47
2018-06-27,test,50,48,48,48,47
2018-06-28,test,50,48,48,48,47
2018-06-29,test,50,48,48,48,47
2018-07-02,test,50,48,48,48,47
2018-07-03,test,50,48,48,48,47
2018-07-04,test,50,48,48,48,47
2018-07-05,test,50,48,48,48,47
2018-07-06,test,50,48,48,48,47
2018-07-09,test,50,48,48,48,47
2018-07-10,test,50,48,48,48,47
2018-07-11,test,50,48,48,48,47
2018-07-12,test,50,48,48,48,47
2018-07-13,test,50,48,48,48,47
2018-07-16,test,50,48,48,48,47
2018-07-17,test,50,48,48,48,47
2018-07-18,test,50,48,48,48,47
2018-07-19,test,50,48,48,48,47
2018-07-20,test,50,48,48,48,47
2018-07-23,test,50,48,48,48,47
2018-07-24,test,50,48,48,48,47
2018-07-25,test,50,48,48,48,47
2018-07-26,test,50,48,48,48,47
2018-07-27,test,50,48,48,48,47
2018-07-30,test,50,48,48,48,47
2018-07-31,test,50,48,48,48,47
2018-08-01,test,50,48,48,48,47
2018-08-02,test,50,48,47,47,47
2018-08-03,test,50,48,47,47,47
2018-08-06,test,50,48,47,47,47
2018-08-07,test,50,48,47,47,47
2018-08-08,test,50,48,47,47,47
2018-08-09,test,50,48,47,47,47
2018-08-10,test,50,48,47,47,47
2018-08-13,test,50,48,47,47,47
2018-08-14,test,50,48,47,47,47
2018-08-16,test,50,48,47,47,47
2018-08-17,test,50,48,47,47,47
2018-08-20,test,50,48,47,47,47
2018-08-21,test,50,48,47,47,47
2018-08-23,test,50,48,47,47,47
2018-08-24,test,50,48,47,47,47
2018-08-27,test,50,48,47,47,47
2018-08-28,test,50,48,47,47,47
2018-08-29,test,50,48,47,47,47
2018-08-30,test,50,48,47,47,47
2018-08-31,test,50,48,47,47,47
2018-09-03,test,50,48,47,47,47
2018-09-04,test,50,48,47,47,47
2018-09-05,test,50,48,47,47,47
2018-09-06,test,50,48,47,47,47
2018-09-07,test,50,48,47,47,47
2018-09-10,test,50,48,47,47,47
2018-09-11,test,50,48,47,47,47
2018-09-12,test,50,48,47,47,47
2018-09-14,test,50,48,47,47,47
2018-09-17,test,50,48,47,47,47
2018-09-18,test,50,48,47,47,47
2018-09-19,test,50,48,47,47,47
2018-09-21,test,50,48,47,47,47
2018-09-24,test,50,48,47,47,47
2018-09-25,test,50,48,47,47,47
2018-09-26,test,50,48,47,47,47
2018-09-27,test,50,48,47,47,47
2018-09-28,test,50,48,47,47,47
2018-10-01,test,50,48,47,47,47
2018-10-03,test,50,48,47,47,47
2018-10-04,test,50,48,47,47,47
2018-10-05,test,50,48,47,47,47
2018-10-08,test,50,48,47,47,47
2018-10-09,test,50,48,47,47,47
2018-10-10,test,50,48,47,47,47
2018-10-11,test,50,48,47,47,47
2018-10-12,test,50,48,47,47,47
2018-10-15,test,50,48,47,47,47
2018-10-16,test,50,48,47,47,47
2018-10-17,test,50,48,47,47,47
2018-10-19,test,50,48,47,47,47
2018-10-22,test,50,48,47,47,47
2018-10-23,test,50,48,47,47,47
2018-10-24,test,50,48,47,47,47
2018-10-25,test,50,48,47,47,47
2018-10-26,test,50,48,47,47,47
2018-10-29,test,50,48,47,47,47
2018-10-30,test,50,48,47,47,47
2018-10-31,test,50,48,47,47,47
2018-11-01,test,50,48,47,47,47
2018-11-02,test,50,48,47,47,47
2018-11-05,test,50,48,47,47,47
2018-11-06,test,50,48,47,47,47
2018-11-07,test,50,48,47,47,47
2018-11-09,test,50,48,47,47,47
2018-11-12,test,50,48,47,47,47
2018-11-13,test,50,48,47,47,47
2018-11-14,test,50,48,47,47,47
2018-11-15,test,50,48,47,47,47
2018-11-16,test,50,48,47,47,47
2018-11-19,test,50,48,47,47,47
2018-11-20,test,50,48,47,47,47
2018-11-21,test,50,48,47,47,47
2018-11-22,test,50,48,47,47,47
2018-11-26,test,50,48,47,47,47
2018-11-27,test,50,48,47,47,47
2018-11-28,test,50,48,47,47,47
2018-11-29,test,50,48,47,47,47
2018-11-30,test,50,48,47,47,47
2018-12-03,test,50,48,47,47,47
2018-12-04,test,50,48,48,48,47
2018-12-05,test,50,48,48,48,47
2018-12-06,test,50,48,48,48,47
2018-12-07,test,50,48,48,48,47
2018-12-10,test,50,48,48,48,47
2018-12-11,test,50,48,48,48,47
2018-12-12,test,50,48,48,48,47
2018-12-13,test,50,48,48,48,47
2018-12-14,test,50,48,48,48,47
2018-12-17,test,50,48,48,48,47
2018-12-18,test,50,48,48,48,47
2018-12-19,test,50,48,48,48,47
2018-12-20,test,50,48,48,48,47
2018-12-21,test,50,48,48,48,47
2018-12-24,test,50,48,48,48,47
2018-12-26,test,50,48,48,48,47
2018-12-27,test,50,48,48,48,47
2018-12-28,test,50,48,48,48,47
2018-12-31,test,50,48,48,48,47
2019-01-02,test,50,48,48,48,47
2019-01-03,test,50,48,48,48,47
2019-01-04,test,50,48,48,48,47
2019-01-07,test,50,48,48,48,47
2019-01-08,test,50,48,48,48,47
2019-01-09,test,50,48,48,48,47
2019-01-10,test,50,48,48,48,47
2019-01-11,test,50,48,48,48,47
2019-01-14,test,50,48,48,48,47
2019-01-15,test,50,48,48,48,47
2019-01-16,test,50,48,48,48,47
2019-01-17,test,50,48,48,48,47
2019-01-18,test,50,48,48,48,47
2019-01-21,test,50,48,48,48,47
2019-01-22,test,50,48,48,48,47
2019-01-23,test,50,48,48,48,47
2019-01-24,test,50,48,48,48,47
2019-01-25,test,50,48,48,48,47
2019-01-28,test,50,48,48,48,47
2019-01-29,test,50,48,48,48,47
2019-01-30,test,50,48,48,48,47
2019-01-31,test,50,48,47,47,47
2019-02-01,test,50,48,47,47,47
2019-02-04,test,50,48,47,47,47
2019-02-05,test,50,48,47,47,47
2019-02-06,test,50,48,47,47,47
2019-02-07,test,50,48,47,47,47
2019-02-08,test,50,48,47,47,47
2019-02-11,test,50,48,47,47,47
2019-02-12,test,50,48,47,47,47
2019-02-14,test,50,48,47,47,47
2019-02-15,test,50,48,47,47,47
2019-02-18,test,50,48,47,47,47
2019-02-19,test,50,48,47,47,47
2019-02-20,test,50,48,47,47,47
2019-02-21,test,50,48,47,47,47
2019-02-22,test,50,48,47,47,47
2019-02-25,test,50,48,47,47,47
2019-02-26,test,50,48,47,47,47
2019-02-27,test,50,48,47,47,47
2019-02-28,test,50,48,47,47,47
2019-03-01,test,50,48,47,47,47
2019-03-05,test,50,48,47,47,47
2019-03-06,test,50,48,47,47,47
2019-03-07,test,50,48,47,47,47
2019-03-08,test,50,48,47,47,47
2019-03-11,test,50,48,47,47,47
2019-03-12,test,50,48,47,47,47
2019-03-13,test,50,48,47,47,47
2019-03-14,test,50,48,47,47,47
2019-03-15,test,50,48,47,47,47
2019-03-18,test,50,48,47,47,47
2019-03-19,test,50,48,47,47,47
2019-03-20,test,50,48,47,47,47
2019-03-22,test,50,48,47,47,47
2019-03-25,test,50,48,47,47,47
2019-03-26,test,50,48,47,47,47
2019-03-27,test,50,48,47,47,47
2019-03-28,test,50,48,47,47,47
2019-04-01,test,50,48,47,47,47
2019-04-02,test,50,48,47,47,47
2019-04-03,test,50,48,47,47,47
2019-04-04,test,50,48,47,47,47
2019-04-05,test,50,48,47,47,47
2019-04-08,test,50,48,47,47,47
2019-04-09,test,50,48,47,47,47
2019-04-10,test,50,48,47,47,47
2019-04-11,test,50,48,47,47,47
2019-04-12,test,50,48,47,47,47
2019-04-15,test,50,48,47,47,47
2019-04-16,test,50,48,47,47,47
2019-04-18,test,50,48,47,47,47
2019-04-22,test,50,48,47,47,47
2019-04-23,test,50,48,47,47,47
2019-04-24,test,50,48,47,47,47
2019-04-25,test,50,48,47,47,47
2019-04-26,test,50,48,47,47,47
2019-04-30,test,50,48,47,47,47
2019-05-02,test,50,48,47,47,47
2019-05-03,test,50,48,47,47,47
2019-05-06,test,50,48,47,47,47
2019-05-07,test,50,48,47,47,47
2019-05-08,test,50,48,47,47,47
2019-05-09,test,50,48,47,47,47
2019-05-10,test,50,48,47,47,47
2019-05-13,test,50,48,47,47,47
2019-05-14,test,50,48,47,47,47
2019-05-15,test,50,48,47,47,47
2019-05-16,test,50,48,47,47,47
2019-05-17,test,50,48,47,47,47
2019-05-20,test,50,48,47,47,47
2019-05-21,test,50,48,47,47,47
2019-05-22,test,50,48,47,47,47
2019-05-23,test,50,48,47,47,47
2019-05-24,test,50,48,47,47,47
2019-05-27,test,50,48,47,47,47
2019-05-28,test,50,48,47,47,47
2019-05-29,test,50,48,47,47,47
2019-05-30,test,50,48,47,47,47
2019-05-31,test,50,48,47,47,47
2019-06-03,test,50,48,47,47,47
2019-06-04,test,50,48,48,48,48
2019-06-06,test,50,48,48,48,47
2019-06-07,test,50,48,48,48,47
2019-06-10,test,50,48,48,48,47
2019-06-11,test,50,48,48,48,47
2019-06-12,test,50,48,48,48,47
2019-06-13,test,50,48,48,48,47
2019-06-14,test,50,48,48,48,47
2019-06-17,test,50,48,48,48,47
2019-06-18,test,50,48,48,48,47
2019-06-19,test,50,48,48,48,47
2019-06-20,test,50,48,48,48,47
2019-06-21,test,50,48,48,48,47
2019-06-24,test,50,48,48,48,47
2019-06-25,test,50,48,48,48,47
2019-06-26,test,50,48,48,48,47
2019-06-27,test,50,48,48,48,47
2019-06-28,test,50,48,48,48,47
2019-07-01,test,50,48,48,48,47
2019-07-02,test,50,48,48,48,47
2019-07-03,test,50,48,48,48,47
2019-07-04,test,50,48,48,48,47
2019-07-05,test,50,48,48,48,47
2019-07-08,test,50,48,48,48,47
2019-07-09,test,50,48,48,48,47
2019-07-10,test,50,48,48,48,47
2019-07-11,test,50,48,48,48,47
2019-07-12,test,50,48,48,48,47
2019-07-15,test,50,48,48,48,47
2019-07-16,test,50,48,48,48,47
2019-07-17,test,50,48,48,48,47
2019-07-18,test,50,48,48,48,47
2019-07-19,test,50,48,48,48,47
2019-07-22,test,50,48,48,48,47
2019-07-23,test,50,48,48,48,47
2019-07-24,test,50,48,48,48,47
2019-07-25,test,50,48,48,48,47
2019-07-26,test,50,48,48,48,47
2019-07-29,test,50,48,48,48,47
2019-07-30,test,50,48,48,48,47
2019-07-31,test,50,48,48,48,47
2019-08-01,test,50,48,47,47,47
2019-08-02,test,50,48,47,47,47
2019-08-05,test,50,48,47,47,47
2019-08-06,test,50,48,47,47,47
2019-08-07,test,50,48,47,47,47
2019-08-08,test,50,48,47,47,47
2019-08-09,test,50,48,47,47,47
2019-08-13,test,50,48,47,47,47
2019-08-14,test,50,48,47,47,47
2019-08-16,test,50,48,47,47,47
2019-08-19,test,50,48,47,47,47
2019-08-20,test,50,48,47,47,47
2019-08-21,test,50,48,47,47,47
2019-08-22,test,50,48,47,47,47
2019-08-23,test,50,48,47,47,47
2019-08-26,test,50,48,47,47,47
2019-08-27,test,50,48,47,47,47
2019-08-28,test,50,48,47,47,47
2019-08-29,test,50,48,47,47,47
2019-08-30,test,50,48,47,47,47
2019-09-03,test,50,48,47,47,47
2019-09-04,test,50,48,47,47,47
2019-09-05,test,50,48,47,47,47
2019-09-06,test,50,48,47,47,47
2019-09-09,test,50,48,47,47,47
2019-09-11,test,50,48,47,47,47
2019-09-12,test,50,48,47,47,47
2019-09-13,test,50,48,47,47,47
2019-09-16,test,50,48,47,47,47
2019-09-17,test,50,48,47,47,47
2019-09-18,test,50,48,47,47,47
2019-09-19,test,50,48,47,47,47
2019-09-20,test,50,48,47,47,47
2019-09-23,test,50,48,47,47,47
2019-09-24,test,50,48,47,47,47
2019-09-25,test,50,48,47,47,47
2019-09-26,test,50,48,47,47,47
2019-09-27,test,50,48,47,47,47
2019-09-30,test,50,48,47,47,47
2019-10-01,test,50,48,47,47,0
2019-10-03,test,50,48,47,47,0
2019-10-04,test,50,48,47,47,0
2019-10-07,test,50,48,47,47,0
2019-10-09,test,50,48,47,47,0
2019-10-10,test,50,48,47,47,0
2019-10-11,test,50,48,47,47,0
2019-10-14,test,50,48,47,47,0
2019-10-15,test,50,48,47,47,0
2019-10-16,test,50,48,47,47,0
2019-10-17,test,50,48,47,47,0
2019-10-18,test,50,48,47,47,0
2019-10-22,test,50,48,47,47,0
2019-10-23,test,50,48,47,47,0
2019-10-24,test,50,48,47,47,0
2019-10-25,test,50,48,47,47,0
2019-10-29,test,50,48,47,47,0
2019-10-30,test,50,48,47,47,0
2019-10-31,test,50,48,47,47,0
2019-11-01,test,50,48,47,47,0
2019-11-04,test,50,48,47,47,0
2019-11-05,test,50,48,47,47,0
2019-11-06,test,50,48,47,47,0
2019-11-07,test,50,48,47,47,0
2019-11-08,test,50,48,47,47,0
2019-11-11,test,50,48,47,47,0
2019-11-13,test,50,48,47,47,0
2019-11-14,test,50,48,47,47,0
2019-11-15,test,50,48,47,47,0
2019-11-18,test,50,48,47,47,0
2019-11-19,test,50,48,47,47,0
2019-11-20,test,50,48,47,47,0
2019-11-21,test,50,48,47,47,0
2019-11-22,test,50,48,47,47,0
2019-11-25,test,50,48,47,47,0
2019-11-26,test,50,48,47,47,0
2019-11-27,test,50,48,47,47,0
2019-11-28,test,50,48,47,47,0
2019-11-29,test,50,48,47,47,0
2019-12-02,test,50,48,47,47,0
2019-12-03,test,50,48,0,0,0
2019-12-04,test,50,48,0,0,0
2019-12-05,test,50,48,0,0,0
2019-12-06,test,50,48,0,0,0
2019-12-09,test,50,48,0,0,0
2019-12-10,test,50,48,0,0,0
2019-12-11,test,50,48,0,0,0
2019-12-12,test,50,48,0,0,0
2019-12-13,test,50,48,0,0,0
2019-12-16,test,50,48,0,0,0
2019-12-17,test,50,48,0,0,0
2019-12-18,test,50,48,0,0,0
2019-12-19,test,50,48,0,0,0
2019-12-20,test,50,48,0,0,0
2019-12-23,test,50,48,0,0,0
2019-12-24,test,50,48,0,0,0
2019-12-26,test,50,48,0,0,0
2019-12-27,test,50,48,0,0,0
2019-12-30,test,50,48,0,0,0
2019-12-31,test,50,48,0,0,0
